"商品","ステータス","タイプ","スポンサープロダクト広告の利用資格","売上(JPY)","ROAS","コンバージョン率","インプレッション数","クリック数","クリック率  (CTR）","広告費(JPY)","平均クリック単価 (CPC)(JPY)","注文","ACOS","新規顧客の注文","新規顧客の注文比率","新規顧客の売上(JPY)","新規顧客の売上比率","ビューアブルインプレッション"
"B07RNDQ5S7-8Q-VTYS-YQ5Z","","","利用資格あり","26334.00","8.32","0.1468","15437","109","0.0071","3164.28","29.03","16","0.1202","0","0.0000","0.00","0.0000","0"
"B0B1VQRNJR-US-OH0Y-DZJN","","","利用資格あり","20574.00","3.83","0.0588","7295","136","0.0186","5365.72","39.45","8","0.2608","0","0.0000","0.00","0.0000","0"
"B07RRJ5TNV-C8-VY3A-HL06","","","利用資格あり","14630.00","5.10","0.1053","17968","95","0.0053","2868.59","30.20","10","0.1961","0","0.0000","0.00","0.0000","0"
"B07RNDMDMY-NR-5Z4P-2YBS","","","利用資格あり","7668.00","3.77","0.1053","48786","57","0.0012","2035.90","35.72","6","0.2655","0","0.0000","0.00","0.0000","0"
"B07STZQL61-IL-1DYL-IXMN","","","利用資格あり","5480.00","15.87","0.1429","7043","28","0.0040","345.21","12.33","4","0.0630","0","0.0000","0.00","0.0000","0"
"B07RNDP5VC-3T-Y9S7-7048","","","利用資格あり","5297.00","6.00","0.1481","10671","27","0.0025","882.24","32.68","4","0.1666","0","0.0000","0.00","0.0000","0"
"B089Y3K8VM-6W-T59B-X4CS","","","利用資格あり","5148.00","7.57","0.1176","6406","17","0.0027","680.00","40.00","2","0.1321","0","0.0000","0.00","0.0000","0"
"B089WG4GNW-F6-17RZ-7XNS","","","利用資格あり","4778.00","18.22","0.2857","5641","7","0.0012","262.18","37.45","2","0.0549","0","0.0000","0.00","0.0000","0"
"B09N2R39T8-ZG-5AI3-DLD9","","","広告配信の利用資格なし","4778.00","20.42","0.3333","480","6","0.0125","234.00","39.00","2","0.0490","0","0.0000","0.00","0.0000","0"
"B07SSHRDYL-0L-8U5H-FML5","","","利用資格あり","4407.00","1101.75","2.0000","5","1","0.2000","4.00","4.00","2","0.0009","0","0.0000","0.00","0.0000","0"
"B07RRJ2MLN-QU-WN46-REY2","","","利用資格あり","4389.00","6.51","0.1429","9189","21","0.0023","674.30","32.11","3","0.1536","0","0.0000","0.00","0.0000","0"
"B089WHDKSV-Z6-YMP1-EWGJ","","","利用資格あり","3963.00","12.05","0.2222","11978","9","0.0008","328.78","36.53","2","0.0830","0","0.0000","0.00","0.0000","0"
"B07RRJ3RVV-91-7A3K-7U8I","","","利用資格あり","2556.00","2.72","0.0690","13904","29","0.0021","940.61","32.43","2","0.3680","0","0.0000","0.00","0.0000","0"
"B089WHXT1Z-SN-NFFV-BYW0","","","利用資格あり","2389.00","10.30","0.1667","2012","6","0.0030","232.00","38.67","1","0.0971","0","0.0000","0.00","0.0000","0"
"B089Y2T8BZ-IJ-I7ZU-ZNHG","","","利用資格あり","2389.00","29.86","0.5000","460","2","0.0043","80.00","40.00","1","0.0335","0","0.0000","0.00","0.0000","0"
"B09837JSYS-9G-33E6-R3JX","","","広告配信の利用資格なし","2389.00","16.33","0.2500","1375","4","0.0029","146.28","36.57","1","0.0612","0","0.0000","0.00","0.0000","0"
"B09838NFL3-91-6HG1-LVP0","","","利用資格あり","2389.00","34.18","0.5000","1103","2","0.0018","69.90","34.95","1","0.0293","0","0.0000","0.00","0.0000","0"
"B09838WLPH-MM-RGM0-JIRO","","","利用資格あり","2389.00","4.15","0.0526","5022","19","0.0038","576.17","30.32","1","0.2412","0","0.0000","0.00","0.0000","0"
"B0983P7ZQ2-TV-KRHB-L7VJ","","","利用資格あり","2389.00","3.63","0.0588","4003","17","0.0042","658.01","38.71","1","0.2754","0","0.0000","0.00","0.0000","0"
"B098DYTNQM-74-MTWF-NKK7","","","利用資格あり","2389.00","59.73","1.0000","665","1","0.0015","40.00","40.00","1","0.0167","0","0.0000","0.00","0.0000","0"
"B077TZ9FRY-PX-210E-61XS","","","利用資格あり","2296.00","588.72","1.0000","60","1","0.0167","3.90","3.90","1","0.0017","0","0.0000","0.00","0.0000","0"
"B0B1VQ33GC-MD-6D6Z-EUFT","","","利用資格あり","2296.00","1.61","0.0263","5629","38","0.0068","1430.32","37.64","1","0.6230","0","0.0000","0.00","0.0000","0"
"B07ZDCPB8Y-HW-3LSQ-LI50","","","利用資格あり","1741.00","5.44","0.1250","4926","8","0.0016","320.00","40.00","1","0.1838","0","0.0000","0.00","0.0000","0"
"B07ZDCZWF8-Z2-RKNI-R052","","","利用資格あり","1741.00","3.65","0.0833","1787","12","0.0067","477.09","39.76","1","0.2740","0","0.0000","0.00","0.0000","0"
"B07SPZD9NB-JH-6QHS-4DIJ","","","利用資格あり","1556.00","26.16","0.2000","1702","5","0.0029","59.49","11.90","1","0.0382","0","0.0000","0.00","0.0000","0"
"B07SPZGD94-BT-GNOC-X8Y0","","","利用資格あり","1556.00","26.20","0.2000","3271","5","0.0015","59.40","11.88","1","0.0382","0","0.0000","0.00","0.0000","0"
"B07RQGYK5R-6G-28VM-5OPH","","","利用資格あり","1463.00","28.13","0.2500","1428","4","0.0028","52.00","13.00","1","0.0355","0","0.0000","0.00","0.0000","0"
"B07SZTK5TQ-QQ-ASB4-1792","","","利用資格あり","1463.00","6.40","0.0435","1716","23","0.0134","228.54","9.94","1","0.1562","0","0.0000","0.00","0.0000","0"
"B0829RCZH4-2C-OMB5-LWES","","","利用資格あり","1463.00","7.36","0.2000","1391","5","0.0036","198.84","39.77","1","0.1359","0","0.0000","0.00","0.0000","0"
"B0829T96PP-S0-6P3X-ACUO","","","利用資格あり","1463.00","2.54","0.0625","3424","16","0.0047","575.72","35.98","1","0.3935","0","0.0000","0.00","0.0000","0"
"B07RTNMVT2-KG-RIPQ-GZ7M","","","利用資格あり","1370.00","15.50","0.1429","1824","7","0.0038","88.39","12.63","1","0.0645","0","0.0000","0.00","0.0000","0"
"B07RRJ26W4-1Y-ZHNR-8I9D","","","利用資格あり","1278.00","20.52","0.2000","781","5","0.0064","62.29","12.46","1","0.0487","0","0.0000","0.00","0.0000","0"
"B07RRJ9NF3-FK-YHDF-YOTK","","","利用資格あり","1278.00","49.15","0.5000","135","2","0.0148","26.00","13.00","1","0.0203","0","0.0000","0.00","0.0000","0"
"B07RTK9R3K-92-Y7D9-GO9Q","","","広告配信の利用資格なし","1278.00","3.65","0.0345","6551","29","0.0044","349.95","12.07","1","0.2738","0","0.0000","0.00","0.0000","0"
"B07RTNMPDX-23-0YER-18BE","","","利用資格あり","1278.00","13.24","0.1111","1010","9","0.0089","96.54","10.73","1","0.0755","0","0.0000","0.00","0.0000","0"
"B077TT3FF4-AJ-KDS6-2KPZ","","","広告配信の利用資格なし","0.00","0.00","0.0000","0","0","0.0000","0.00","0.00","0","0.0000","0","0.0000","0.00","0.0000","0"
"B077TT44WS-9F-4ETV-5M6M","","","利用資格あり","0.00","0.00","0.0000","33","0","0.0000","0.00","0.00","0","0.0000","0","0.0000","0.00","0.0000","0"
"B077TT4WKS-ML-V17W-06MQ","","","広告配信の利用資格なし","0.00","0.00","0.0000","0","0","0.0000","0.00","0.00","0","0.0000","0","0.0000","0.00","0.0000","0"
"B077TT5D6K-WT-ZM65-5UK0","","","利用資格あり","0.00","0.00","0.0000","100","1","0.0100","4.00","4.00","0","0.0000","0","0.0000","0.00","0.0000","0"
"B077TTV93C-7R-CZ5K-RYAJ","","","広告配信の利用資格なし","0.00","0.00","0.0000","0","0","0.0000","0.00","0.00","0","0.0000","0","0.0000","0.00","0.0000","0"
"B077TVGDCQ-87-E8P9-I7SP","","","利用資格あり","0.00","0.00","0.0000","55","0","0.0000","0.00","0.00","0","0.0000","0","0.0000","0.00","0.0000","0"
"B077TVGFSG-5K-BESC-9BL4","","","利用資格あり","0.00","0.00","0.0000","11","0","0.0000","0.00","0.00","0","0.0000","0","0.0000","0.00","0.0000","0"
"B077TVGM9Y-AE-2JRE-R33N","","","利用資格あり","0.00","0.00","0.0000","4","0","0.0000","0.00","0.00","0","0.0000","0","0.0000","0.00","0.0000","0"
"B077TVGNYX-7W-0F9Q-FPBV","","","利用資格あり","0.00","0.00","0.0000","6","0","0.0000","0.00","0.00","0","0.0000","0","0.0000","0.00","0.0000","0"
"B077TX95H8-HS-Z1MW-I06B","","","広告配信の利用資格なし","0.00","0.00","0.0000","0","0","0.0000","0.00","0.00","0","0.0000","0","0.0000","0.00","0.0000","0"
"B077TYM9G3-3C-S1I5-ZLXX","","","広告配信の利用資格なし","0.00","0.00","0.0000","0","0","0.0000","0.00","0.00","0","0.0000","0","0.0000","0.00","0.0000","0"
"B077TYSS5Q-OO-N5NC-53SV","","","広告配信の利用資格なし","0.00","0.00","0.0000","0","0","0.0000","0.00","0.00","0","0.0000","0","0.0000","0.00","0.0000","0"
"B077TZ3C52-7S-9Z7A-9N5X","","","利用資格あり","0.00","0.00","0.0000","96","1","0.0104","1.20","1.20","0","0.0000","0","0.0000","0.00","0.0000","0"
"B077TZ3C77-SM-SOZD-YCO1","","","広告配信の利用資格なし","0.00","0.00","0.0000","0","0","0.0000","0.00","0.00","0","0.0000","0","0.0000","0.00","0.0000","0"
"B077TZ52JJ-8I-ZLSJ-AKO0","","","利用資格あり","0.00","0.00","0.0000","23","0","0.0000","0.00","0.00","0","0.0000","0","0.0000","0.00","0.0000","0"
"B077TZ5B3P-VI-FGWQ-U4JQ","","","利用資格あり","0.00","0.00","0.0000","24","0","0.0000","0.00","0.00","0","0.0000","0","0.0000","0.00","0.0000","0"
"B077TZ6DMJ-8J-B84R-9FQ8","","","広告配信の利用資格なし","0.00","0.00","0.0000","0","0","0.0000","0.00","0.00","0","0.0000","0","0.0000","0.00","0.0000","0"
"B077TZR4R8-G3-7VTX-A8HN","","","広告配信の利用資格なし","0.00","0.00","0.0000","0","0","0.0000","0.00","0.00","0","0.0000","0","0.0000","0.00","0.0000","0"
"B077V12V15-ZX-E3Z1-XZXW","","","広告配信の利用資格なし","0.00","0.00","0.0000","0","0","0.0000","0.00","0.00","0","0.0000","0","0.0000","0.00","0.0000","0"
"B077V15CP2-ST-QL51-1O4P","","","利用資格あり","0.00","0.00","0.0000","30","0","0.0000","0.00","0.00","0","0.0000","0","0.0000","0.00","0.0000","0"
"B077V1NWKX-84-R9G1-922E","","","広告配信の利用資格なし","0.00","0.00","0.0000","0","0","0.0000","0.00","0.00","0","0.0000","0","0.0000","0.00","0.0000","0"
"B077V1SGCV-NW-P04L-6P5F","","","利用資格あり","0.00","0.00","0.0000","24","0","0.0000","0.00","0.00","0","0.0000","0","0.0000","0.00","0.0000","0"
"B077V1SGXY-SK-DONL-JYYY","","","利用資格あり","0.00","0.00","0.0000","77","0","0.0000","0.00","0.00","0","0.0000","0","0.0000","0.00","0.0000","0"
"B077V2FCXS-9W-X2Z4-B0TS","","","利用資格あり","0.00","0.00","0.0000","0","0","0.0000","0.00","0.00","0","0.0000","0","0.0000","0.00","0.0000","0"
"B077V2RBZC-UM-5DK5-4OOK","","","利用資格あり","0.00","0.00","0.0000","10","0","0.0000","0.00","0.00","0","0.0000","0","0.0000","0.00","0.0000","0"
"B077V31B1F-S9-WMSI-0XRG","","","利用資格あり","0.00","0.00","0.0000","9","0","0.0000","0.00","0.00","0","0.0000","0","0.0000","0.00","0.0000","0"
"B077V3BSHD-T2-P821-U7AD","","","利用資格あり","0.00","0.00","0.0000","8","0","0.0000","0.00","0.00","0","0.0000","0","0.0000","0.00","0.0000","0"
"B077V3QCKG-QO-FHC9-QIWP","","","利用資格あり","0.00","0.00","0.0000","18","0","0.0000","0.00","0.00","0","0.0000","0","0.0000","0.00","0.0000","0"
"B077V4KGYG-OZ-CR1T-VCNN","","","利用資格あり","0.00","0.00","0.0000","21","1","0.0476","4.00","4.00","0","0.0000","0","0.0000","0.00","0.0000","0"
"B077V547KW-3I-5YMQ-78CH","","","利用資格あり","0.00","0.00","0.0000","30","0","0.0000","0.00","0.00","0","0.0000","0","0.0000","0.00","0.0000","0"
"B077V5TP9Z-9F-8GXS-MQIG","","","利用資格あり","0.00","0.00","0.0000","89","0","0.0000","0.00","0.00","0","0.0000","0","0.0000","0.00","0.0000","0"
"B077V63T99-3L-RKNM-171N","","","利用資格あり","0.00","0.00","0.0000","6","0","0.0000","0.00","0.00","0","0.0000","0","0.0000","0.00","0.0000","0"
"B077V65KJV-YK-QIKK-R32H","","","利用資格あり","0.00","0.00","0.0000","0","0","0.0000","0.00","0.00","0","0.0000","0","0.0000","0.00","0.0000","0"
"B077VSN4H6-YV-GX4F-U1JK","","","広告配信の利用資格なし","0.00","0.00","0.0000","46","1","0.0217","1.30","1.30","0","0.0000","0","0.0000","0.00","0.0000","0"
"B077VSSFGH-B1-V2N2-J8BN","","","利用資格あり","0.00","0.00","0.0000","25","0","0.0000","0.00","0.00","0","0.0000","0","0.0000","0.00","0.0000","0"
"B077VSSXJX-O5-VCC0-95D9","","","利用資格あり","0.00","0.00","0.0000","14","0","0.0000","0.00","0.00","0","0.0000","0","0.0000","0.00","0.0000","0"
"B077VSVXYC-M9-CRQJ-1EUU","","","利用資格あり","0.00","0.00","0.0000","24","0","0.0000","0.00","0.00","0","0.0000","0","0.0000","0.00","0.0000","0"
"B077VT3Z3N-U0-2W5T-JP0A","","","広告配信の利用資格なし","0.00","0.00","0.0000","40","0","0.0000","0.00","0.00","0","0.0000","0","0.0000","0.00","0.0000","0"
"B077VTPBC2-PK-LF7F-7NQF","","","利用資格あり","0.00","0.00","0.0000","49","0","0.0000","0.00","0.00","0","0.0000","0","0.0000","0.00","0.0000","0"
"B077VVKF43-ML-8QBG-3WLZ","","","利用資格あり","0.00","0.00","0.0000","33","0","0.0000","0.00","0.00","0","0.0000","0","0.0000","0.00","0.0000","0"
"B077VWS1WM-6I-0H96-18IA","","","広告配信の利用資格なし","0.00","0.00","0.0000","4","0","0.0000","0.00","0.00","0","0.0000","0","0.0000","0.00","0.0000","0"
"B077VYDWWP-MH-OWU7-QZ6B","","","広告配信の利用資格なし","0.00","0.00","0.0000","0","0","0.0000","0.00","0.00","0","0.0000","0","0.0000","0.00","0.0000","0"
"B077WJ3XKY-6H-040M-0Z6H","","","広告配信の利用資格なし","0.00","0.00","0.0000","0","0","0.0000","0.00","0.00","0","0.0000","0","0.0000","0.00","0.0000","0"
"B077WKV76K-O6-48G1-BEO9","","","広告配信の利用資格なし","0.00","0.00","0.0000","0","0","0.0000","0.00","0.00","0","0.0000","0","0.0000","0.00","0.0000","0"
"B0782N7XDJ-9Y-JT9A-8XY3","","","表示できるデータがありません","0.00","0.00","0.0000","0","0","0.0000","0.00","0.00","0","0.0000","0","0.0000","0.00","0.0000","0"
"B0782PTKL2-AT-Q90Z-740H","","","表示できるデータがありません","0.00","0.00","0.0000","0","0","0.0000","0.00","0.00","0","0.0000","0","0.0000","0.00","0.0000","0"
"B0782RGD4B-7X-VY3C-UC8R","","","表示できるデータがありません","0.00","0.00","0.0000","0","0","0.0000","0.00","0.00","0","0.0000","0","0.0000","0.00","0.0000","0"
"B0782T4WWX-Y3-VNGR-5K0V","","","表示できるデータがありません","0.00","0.00","0.0000","0","0","0.0000","0.00","0.00","0","0.0000","0","0.0000","0.00","0.0000","0"
"B0782TQTTP-AK-S238-Z893","","","表示できるデータがありません","0.00","0.00","0.0000","0","0","0.0000","0.00","0.00","0","0.0000","0","0.0000","0.00","0.0000","0"
"B0782TSXGW-PY-J89Y-G729","","","表示できるデータがありません","0.00","0.00","0.0000","0","0","0.0000","0.00","0.00","0","0.0000","0","0.0000","0.00","0.0000","0"
"B0782VLBQ7-3S-5LM9-29LD","","","表示できるデータがありません","0.00","0.00","0.0000","0","0","0.0000","0.00","0.00","0","0.0000","0","0.0000","0.00","0.0000","0"
"B0782YMNPM-A7-JDDC-6AWM","","","表示できるデータがありません","0.00","0.00","0.0000","0","0","0.0000","0.00","0.00","0","0.0000","0","0.0000","0.00","0.0000","0"
"B0784YYFKX-6Z-HWUF-VHZ9","","","広告配信の利用資格なし","0.00","0.00","0.0000","0","0","0.0000","0.00","0.00","0","0.0000","0","0.0000","0.00","0.0000","0"
"B0785671P8-EV-TGZ8-084V","","","利用資格あり","0.00","0.00","0.0000","57","0","0.0000","0.00","0.00","0","0.0000","0","0.0000","0.00","0.0000","0"
"B0786KYY7Y-LS-09E0-R73C","","","表示できるデータがありません","0.00","0.00","0.0000","0","0","0.0000","0.00","0.00","0","0.0000","0","0.0000","0.00","0.0000","0"
"B07C76HLX1-8Q-579N-RMNK","","","表示できるデータがありません","0.00","0.00","0.0000","0","0","0.0000","0.00","0.00","0","0.0000","0","0.0000","0.00","0.0000","0"
"B07C76HMBS-EC-FOVX-FOBJ","","","表示できるデータがありません","0.00","0.00","0.0000","0","0","0.0000","0.00","0.00","0","0.0000","0","0.0000","0.00","0.0000","0"
"B07C7JX67Y-97-W48L-K89A","","","広告配信の利用資格なし","0.00","0.00","0.0000","0","0","0.0000","0.00","0.00","0","0.0000","0","0.0000","0.00","0.0000","0"
"B07C7KGKBH-HM-5URZ-2K38","","","表示できるデータがありません","0.00","0.00","0.0000","0","0","0.0000","0.00","0.00","0","0.0000","0","0.0000","0.00","0.0000","0"
"B07C7NS57M-JQ-MLRE-AH9L","","","利用資格あり","0.00","0.00","0.0000","0","0","0.0000","0.00","0.00","0","0.0000","0","0.0000","0.00","0.0000","0"
"B07C7PVL42-T8-FSOJ-B0V1","","","広告配信の利用資格なし","0.00","0.00","0.0000","0","0","0.0000","0.00","0.00","0","0.0000","0","0.0000","0.00","0.0000","0"
"B07K5QMCP2-EQ-E9S7-QXE3","","","利用資格あり","0.00","0.00","0.0000","129","0","0.0000","0.00","0.00","0","0.0000","0","0.0000","0.00","0.0000","0"
"B07K5QW4S4-X8-CEJ2-IGKF","","","利用資格あり","0.00","0.00","0.0000","139","0","0.0000","0.00","0.00","0","0.0000","0","0.0000","0.00","0.0000","0"
"B07K5R541S-LG-ANQR-6C9P","","","利用資格あり","0.00","0.00","0.0000","44","1","0.0227","4.00","4.00","0","0.0000","0","0.0000","0.00","0.0000","0"
"B07K5RJJTC-36-537G-65QK","","","利用資格あり","0.00","0.00","0.0000","36","0","0.0000","0.00","0.00","0","0.0000","0","0.0000","0.00","0.0000","0"
"B07K5RYSRY-HB-E5PD-U2WL","","","利用資格あり","0.00","0.00","0.0000","111","0","0.0000","0.00","0.00","0","0.0000","0","0.0000","0.00","0.0000","0"
"B07K5S1K82-9L-84XW-ZW1C","","","利用資格あり","0.00","0.00","0.0000","82","1","0.0122","3.90","3.90","0","0.0000","0","0.0000","0.00","0.0000","0"
"B07K5S245H-B5-LEZJ-XOXC","","","利用資格あり","0.00","0.00","0.0000","54","0","0.0000","0.00","0.00","0","0.0000","0","0.0000","0.00","0.0000","0"
"B07K5S3KNK-X8-MI20-UUAX","","","利用資格あり","0.00","0.00","0.0000","152","0","0.0000","0.00","0.00","0","0.0000","0","0.0000","0.00","0.0000","0"
"B07K5S3Q81-RX-2HFK-D2O4","","","利用資格あり","0.00","0.00","0.0000","87","0","0.0000","0.00","0.00","0","0.0000","0","0.0000","0.00","0.0000","0"
"B07K5S4TZ9-MO-6NAH-GNZ6","","","利用資格あり","0.00","0.00","0.0000","19","0","0.0000","0.00","0.00","0","0.0000","0","0.0000","0.00","0.0000","0"
"B07K5S9ZFC-N9-GB8J-KI9M","","","利用資格あり","0.00","0.00","0.0000","61","0","0.0000","0.00","0.00","0","0.0000","0","0.0000","0.00","0.0000","0"
"B07K5SBZLJ-E5-S2IA-ES96","","","利用資格あり","0.00","0.00","0.0000","117","1","0.0085","3.77","3.77","0","0.0000","0","0.0000","0.00","0.0000","0"
"B07K5SL6NR-OJ-Q5O2-R6XK","","","利用資格あり","0.00","0.00","0.0000","55","0","0.0000","0.00","0.00","0","0.0000","0","0.0000","0.00","0.0000","0"
"B07K5SMQ74-NX-M2SX-8JR7","","","利用資格あり","0.00","0.00","0.0000","109","0","0.0000","0.00","0.00","0","0.0000","0","0.0000","0.00","0.0000","0"
"B07K5SNL5L-94-5N7D-MKR8","","","利用資格あり","0.00","0.00","0.0000","100","0","0.0000","0.00","0.00","0","0.0000","0","0.0000","0.00","0.0000","0"
"B07RN3F944-PX-L66W-SATD","","","利用資格あり","0.00","0.00","0.0000","12","0","0.0000","0.00","0.00","0","0.0000","0","0.0000","0.00","0.0000","0"
"B07RN3QRFD-V6-3DBB-5J62","","","利用資格あり","0.00","0.00","0.0000","39","0","0.0000","0.00","0.00","0","0.0000","0","0.0000","0.00","0.0000","0"
"B07RN3R4CY-FN-VIR3-GDHQ","","","利用資格あり","0.00","0.00","0.0000","39","0","0.0000","0.00","0.00","0","0.0000","0","0.0000","0.00","0.0000","0"
"B07RN3T64S-HU-4C3A-YQ59","","","利用資格あり","0.00","0.00","0.0000","71","0","0.0000","0.00","0.00","0","0.0000","0","0.0000","0.00","0.0000","0"
"B07RN46T9J-LU-ZKNB-TZVQ","","","利用資格あり","0.00","0.00","0.0000","88","0","0.0000","0.00","0.00","0","0.0000","0","0.0000","0.00","0.0000","0"
"B07RN4L7SQ-MD-TJTP-5QQW","","","利用資格あり","0.00","0.00","0.0000","78","0","0.0000","0.00","0.00","0","0.0000","0","0.0000","0.00","0.0000","0"
"B07RN4V5RG-J6-656F-SFOE","","","利用資格あり","0.00","0.00","0.0000","56","0","0.0000","0.00","0.00","0","0.0000","0","0.0000","0.00","0.0000","0"
"B07RN54HFC-TL-QZQI-IY15","","","利用資格あり","0.00","0.00","0.0000","2","0","0.0000","0.00","0.00","0","0.0000","0","0.0000","0.00","0.0000","0"
"B07RN59781-YB-YX5P-2VQT","","","利用資格あり","0.00","0.00","0.0000","0","0","0.0000","0.00","0.00","0","0.0000","0","0.0000","0.00","0.0000","0"
"B07RN5DNXS-F6-ONE1-992E","","","利用資格あり","0.00","0.00","0.0000","6","0","0.0000","0.00","0.00","0","0.0000","0","0.0000","0.00","0.0000","0"
"B07RN5DSBD-9W-LC9N-P0NQ","","","利用資格あり","0.00","0.00","0.0000","21","0","0.0000","0.00","0.00","0","0.0000","0","0.0000","0.00","0.0000","0"
"B07RNDMKL4-LW-7QAC-4VPC","","","利用資格あり","0.00","0.00","0.0000","1503","4","0.0027","50.89","12.72","0","0.0000","0","0.0000","0.00","0.0000","0"
"B07RNDPTNQ-YC-MZU6-0SLW","","","利用資格あり","0.00","0.00","0.0000","97","0","0.0000","0.00","0.00","0","0.0000","0","0.0000","0.00","0.0000","0"
"B07RNDRCZX-P8-FVLY-MOEO","","","広告配信の利用資格なし","0.00","0.00","0.0000","0","0","0.0000","0.00","0.00","0","0.0000","0","0.0000","0.00","0.0000","0"
"B07RNDRFD3-8Q-AVCO-R7GF","","","利用資格あり","0.00","0.00","0.0000","949","4","0.0042","49.41","12.35","0","0.0000","0","0.0000","0.00","0.0000","0"
"B07RNDRGNN-RY-0PQG-6BUX","","","広告配信の利用資格なし","0.00","0.00","0.0000","775","10","0.0129","108.81","10.88","0","0.0000","0","0.0000","0.00","0.0000","0"
"B07RNDSMR4-TS-SRTW-58DX","","","利用資格あり","0.00","0.00","0.0000","488","1","0.0020","13.00","13.00","0","0.0000","0","0.0000","0.00","0.0000","0"
"B07RP531NV-CO-9IM4-T6OQ","","","利用資格あり","0.00","0.00","0.0000","4","0","0.0000","0.00","0.00","0","0.0000","0","0.0000","0.00","0.0000","0"
"B07RP581QF-M5-KPD9-RB5V","","","利用資格あり","0.00","0.00","0.0000","114","0","0.0000","0.00","0.00","0","0.0000","0","0.0000","0.00","0.0000","0"
"B07RP5CMMY-TW-JZWW-KQAK","","","利用資格あり","0.00","0.00","0.0000","22","0","0.0000","0.00","0.00","0","0.0000","0","0.0000","0.00","0.0000","0"
"B07RP5F6PR-PR-MQFU-S8KG","","","利用資格あり","0.00","0.00","0.0000","3","0","0.0000","0.00","0.00","0","0.0000","0","0.0000","0.00","0.0000","0"
"B07RP5RVVV-AF-0BOJ-58FU","","","利用資格あり","0.00","0.00","0.0000","44","0","0.0000","0.00","0.00","0","0.0000","0","0.0000","0.00","0.0000","0"
"B07RP5SL37-1A-NZX0-PYW2","","","利用資格あり","0.00","0.00","0.0000","3","0","0.0000","0.00","0.00","0","0.0000","0","0.0000","0.00","0.0000","0"
"B07RP5Y4R4-1M-UIA7-WLFP","","","利用資格あり","0.00","0.00","0.0000","39","0","0.0000","0.00","0.00","0","0.0000","0","0.0000","0.00","0.0000","0"
"B07RP5YSYZ-KH-0RZG-S1GO","","","広告配信の利用資格なし","0.00","0.00","0.0000","109","0","0.0000","0.00","0.00","0","0.0000","0","0.0000","0.00","0.0000","0"
"B07RP62386-A6-0POG-ZP4D","","","利用資格あり","0.00","0.00","0.0000","30","0","0.0000","0.00","0.00","0","0.0000","0","0.0000","0.00","0.0000","0"
"B07RP68X1C-HF-W0WE-2S93","","","利用資格あり","0.00","0.00","0.0000","2","0","0.0000","0.00","0.00","0","0.0000","0","0.0000","0.00","0.0000","0"
"B07RP6Q7SK-L7-WXI9-AW9P","","","利用資格あり","0.00","0.00","0.0000","160","0","0.0000","0.00","0.00","0","0.0000","0","0.0000","0.00","0.0000","0"
"B07RP6WZZR-TG-10BG-Z2R9","","","利用資格あり","0.00","0.00","0.0000","3","0","0.0000","0.00","0.00","0","0.0000","0","0.0000","0.00","0.0000","0"
"B07RP7495M-NN-HJCD-N9FE","","","広告配信の利用資格なし","0.00","0.00","0.0000","72","0","0.0000","0.00","0.00","0","0.0000","0","0.0000","0.00","0.0000","0"
"B07RPGFKYW-MH-HDGL-UPY9","","","利用資格あり","0.00","0.00","0.0000","1907","9","0.0047","115.70","12.86","0","0.0000","0","0.0000","0.00","0.0000","0"
"B07RPGFSBX-47-VPND-OZOO","","","表示できるデータがありません","0.00","0.00","0.0000","0","0","0.0000","0.00","0.00","0","0.0000","0","0.0000","0.00","0.0000","0"
"B07RPGL2LF-IV-F3AS-6A46","","","利用資格あり","0.00","0.00","0.0000","388","6","0.0155","65.57","10.93","0","0.0000","0","0.0000","0.00","0.0000","0"
"B07RPGLCMB-TW-JA59-AXIP","","","利用資格あり","0.00","0.00","0.0000","689","7","0.0102","88.40","12.63","0","0.0000","0","0.0000","0.00","0.0000","0"
"B07RPJH3V7-SS-EB2Y-ZYLL","","","利用資格あり","0.00","0.00","0.0000","275","3","0.0109","39.00","13.00","0","0.0000","0","0.0000","0.00","0.0000","0"
"B07RQ4D55K-GX-E4TE-0RFF","","","利用資格あり","0.00","0.00","0.0000","12","0","0.0000","0.00","0.00","0","0.0000","0","0.0000","0.00","0.0000","0"
"B07RQ4M7ZG-22-9KDS-HIZ1","","","利用資格あり","0.00","0.00","0.0000","20","0","0.0000","0.00","0.00","0","0.0000","0","0.0000","0.00","0.0000","0"
"B07RQ4P2QP-LH-V8JE-G68U","","","利用資格あり","0.00","0.00","0.0000","4","0","0.0000","0.00","0.00","0","0.0000","0","0.0000","0.00","0.0000","0"
"B07RQ4P48F-X9-AILJ-IY98","","","利用資格あり","0.00","0.00","0.0000","48","0","0.0000","0.00","0.00","0","0.0000","0","0.0000","0.00","0.0000","0"
"B07RQ4PJML-LM-W2YT-YFF8","","","利用資格あり","0.00","0.00","0.0000","18","0","0.0000","0.00","0.00","0","0.0000","0","0.0000","0.00","0.0000","0"
"B07RQ4V5TL-D7-IW96-J4L1","","","利用資格あり","0.00","0.00","0.0000","155","0","0.0000","0.00","0.00","0","0.0000","0","0.0000","0.00","0.0000","0"
"B07RQ4X4HH-SC-L11G-UAEX","","","利用資格あり","0.00","0.00","0.0000","36","0","0.0000","0.00","0.00","0","0.0000","0","0.0000","0.00","0.0000","0"
"B07RQ5DN1M-GG-3VCR-CTG2","","","利用資格あり","0.00","0.00","0.0000","69","0","0.0000","0.00","0.00","0","0.0000","0","0.0000","0.00","0.0000","0"
"B07RQ5N9DN-H2-E3RM-NID1","","","広告配信の利用資格なし","0.00","0.00","0.0000","3","0","0.0000","0.00","0.00","0","0.0000","0","0.0000","0.00","0.0000","0"
"B07RQ5RH2Y-F2-12TH-TN4S","","","利用資格あり","0.00","0.00","0.0000","33","0","0.0000","0.00","0.00","0","0.0000","0","0.0000","0.00","0.0000","0"
"B07RQ5TWY8-LV-LGP7-RH5F","","","利用資格あり","0.00","0.00","0.0000","34","1","0.0294","4.00","4.00","0","0.0000","0","0.0000","0.00","0.0000","0"
"B07RQ5V9L2-R2-8QYY-5OY0","","","利用資格あり","0.00","0.00","0.0000","43","0","0.0000","0.00","0.00","0","0.0000","0","0.0000","0.00","0.0000","0"
"B07RQDR8SG-BL-MMIO-NFZS","","","表示できるデータがありません","0.00","0.00","0.0000","0","0","0.0000","0.00","0.00","0","0.0000","0","0.0000","0.00","0.0000","0"
"B07RQDTBS5-8Y-2G1L-L551","","","利用資格あり","0.00","0.00","0.0000","1473","7","0.0048","88.40","12.63","0","0.0000","0","0.0000","0.00","0.0000","0"
"B07RQDXCK5-TT-YB22-DG26","","","利用資格あり","0.00","0.00","0.0000","236","2","0.0085","26.00","13.00","0","0.0000","0","0.0000","0.00","0.0000","0"
"B07RQDXKKW-23-SVOF-WCB1","","","利用資格あり","0.00","0.00","0.0000","166","2","0.0120","26.00","13.00","0","0.0000","0","0.0000","0.00","0.0000","0"
"B07RQDYY46-VD-ECRR-8PWJ","","","利用資格あり","0.00","0.00","0.0000","739","1","0.0014","13.00","13.00","0","0.0000","0","0.0000","0.00","0.0000","0"
"B07RQF1SR2-EC-RXI6-ZRMS","","","利用資格あり","0.00","0.00","0.0000","69","1","0.0145","13.00","13.00","0","0.0000","0","0.0000","0.00","0.0000","0"
"B07RR6Y96L-F4-DJYL-ZFI7","","","利用資格あり","0.00","0.00","0.0000","25","0","0.0000","0.00","0.00","0","0.0000","0","0.0000","0.00","0.0000","0"
"B07RR6YYFZ-LQ-0N26-JIVF","","","利用資格あり","0.00","0.00","0.0000","74","0","0.0000","0.00","0.00","0","0.0000","0","0.0000","0.00","0.0000","0"
"B07RR71B1P-2T-HEXS-COB6","","","利用資格あり","0.00","0.00","0.0000","0","0","0.0000","0.00","0.00","0","0.0000","0","0.0000","0.00","0.0000","0"
"B07RR8Y437-G7-BVYT-AI93","","","利用資格あり","0.00","0.00","0.0000","0","0","0.0000","0.00","0.00","0","0.0000","0","0.0000","0.00","0.0000","0"
"B07RR92VY8-MZ-Z063-LUOE","","","利用資格あり","0.00","0.00","0.0000","1","0","0.0000","0.00","0.00","0","0.0000","0","0.0000","0.00","0.0000","0"
"B07RRCXLD1-CB-0QZI-OQCR","","","利用資格あり","0.00","0.00","0.0000","0","0","0.0000","0.00","0.00","0","0.0000","0","0.0000","0.00","0.0000","0"
"B07RRD55DH-SI-EW2B-SYU1","","","利用資格あり","0.00","0.00","0.0000","0","0","0.0000","0.00","0.00","0","0.0000","0","0.0000","0.00","0.0000","0"
"B07RRJ3FXS-PZ-MY3D-O8VJ","","","広告配信の利用資格なし","0.00","0.00","0.0000","0","0","0.0000","0.00","0.00","0","0.0000","0","0.0000","0.00","0.0000","0"
"B07RRJ6MV5-SE-OQ4V-FPIJ","","","利用資格あり","0.00","0.00","0.0000","2106","6","0.0028","75.40","12.57","0","0.0000","0","0.0000","0.00","0.0000","0"
"B07RRJ6YRS-VB-1HM8-YF5D","","","利用資格あり","0.00","0.00","0.0000","1207","4","0.0033","52.00","13.00","0","0.0000","0","0.0000","0.00","0.0000","0"
"B07RRL7Q84-4O-JFNX-RKMV","","","利用資格あり","0.00","0.00","0.0000","417","1","0.0024","13.00","13.00","0","0.0000","0","0.0000","0.00","0.0000","0"
"B07RS97TQ3-O4-KJHQ-JLGU","","","広告配信の利用資格なし","0.00","0.00","0.0000","0","0","0.0000","0.00","0.00","0","0.0000","0","0.0000","0.00","0.0000","0"
"B07RS9GFCN-F0-6RN8-7FE6","","","利用資格あり","0.00","0.00","0.0000","53","0","0.0000","0.00","0.00","0","0.0000","0","0.0000","0.00","0.0000","0"
"B07RS9PZVZ-LW-8PD5-8DC1","","","利用資格あり","0.00","0.00","0.0000","92","0","0.0000","0.00","0.00","0","0.0000","0","0.0000","0.00","0.0000","0"
"B07RSBVWBK-GY-5YV1-YMBZ","","","利用資格あり","0.00","0.00","0.0000","68","0","0.0000","0.00","0.00","0","0.0000","0","0.0000","0.00","0.0000","0"
"B07RSBWQL8-X5-LK6D-Y7G3","","","利用資格あり","0.00","0.00","0.0000","2","0","0.0000","0.00","0.00","0","0.0000","0","0.0000","0.00","0.0000","0"
"B07RSJKTMR-2Z-OH3T-ZZA7","","","利用資格あり","0.00","0.00","0.0000","1206","3","0.0025","37.63","12.54","0","0.0000","0","0.0000","0.00","0.0000","0"
"B07RSL2JN6-QT-0ZSC-1WMZ","","","表示できるデータがありません","0.00","0.00","0.0000","0","0","0.0000","0.00","0.00","0","0.0000","0","0.0000","0.00","0.0000","0"
"B07RSL2W2K-D9-5648-KNY4","","","広告配信の利用資格なし","0.00","0.00","0.0000","0","0","0.0000","0.00","0.00","0","0.0000","0","0.0000","0.00","0.0000","0"
"B07RSL86XB-4A-DTGP-MQP7","","","広告配信の利用資格なし","0.00","0.00","0.0000","0","0","0.0000","0.00","0.00","0","0.0000","0","0.0000","0.00","0.0000","0"
"B07RSN6319-8U-Q7NJ-DRW2","","","利用資格あり","0.00","0.00","0.0000","713","1","0.0014","13.00","13.00","0","0.0000","0","0.0000","0.00","0.0000","0"
"B07RTGGKQP-H3-D2Y7-HO7V","","","利用資格あり","0.00","0.00","0.0000","106","0","0.0000","0.00","0.00","0","0.0000","0","0.0000","0.00","0.0000","0"
"B07RTH7YYW-87-W2HM-4SWM","","","利用資格あり","0.00","0.00","0.0000","2","0","0.0000","0.00","0.00","0","0.0000","0","0.0000","0.00","0.0000","0"
"B07RTHQ2KZ-DU-P06F-VJBB","","","利用資格あり","0.00","0.00","0.0000","68","0","0.0000","0.00","0.00","0","0.0000","0","0.0000","0.00","0.0000","0"
"B07RTLC13X-BE-B6BI-INN8","","","広告配信の利用資格なし","0.00","0.00","0.0000","0","0","0.0000","0.00","0.00","0","0.0000","0","0.0000","0.00","0.0000","0"
"B07RTLQZM8-6W-YIXA-ZQ6P","","","広告配信の利用資格なし","0.00","0.00","0.0000","440","8","0.0182","84.38","10.55","0","0.0000","0","0.0000","0.00","0.0000","0"
"B07RTLZY6P-IF-CPA1-QKLN","","","表示できるデータがありません","0.00","0.00","0.0000","0","0","0.0000","0.00","0.00","0","0.0000","0","0.0000","0.00","0.0000","0"
"B07RTM1RM4-KY-7KUB-0CGL","","","利用資格あり","0.00","0.00","0.0000","1715","1","0.0006","11.63","11.63","0","0.0000","0","0.0000","0.00","0.0000","0"
"B07RTMCHRB-GF-U2DD-UGPU","","","利用資格あり","0.00","0.00","0.0000","197","0","0.0000","0.00","0.00","0","0.0000","0","0.0000","0.00","0.0000","0"
"B07RTNM2SG-Q5-QNUI-E1XW","","","広告配信の利用資格なし","0.00","0.00","0.0000","0","0","0.0000","0.00","0.00","0","0.0000","0","0.0000","0.00","0.0000","0"
"B07RTPF5FL-R9-SF7M-ULZR","","","利用資格あり","0.00","0.00","0.0000","903","5","0.0055","49.19","9.84","0","0.0000","0","0.0000","0.00","0.0000","0"
"B07RTQM5SH-BK-MBDJ-FND9","","","広告配信の利用資格なし","0.00","0.00","0.0000","0","0","0.0000","0.00","0.00","0","0.0000","0","0.0000","0.00","0.0000","0"
"B07RTT7GB1-8C-6LFJ-DUQM","","","利用資格あり","0.00","0.00","0.0000","1015","5","0.0049","65.00","13.00","0","0.0000","0","0.0000","0.00","0.0000","0"
"B07RVJTTB5-I1-DFGF-BWEG","","","利用資格あり","0.00","0.00","0.0000","19","0","0.0000","0.00","0.00","0","0.0000","0","0.0000","0.00","0.0000","0"
"B07S4K7DXF-IR-I1X3-ET6M","","","利用資格あり","0.00","0.00","0.0000","0","0","0.0000","0.00","0.00","0","0.0000","0","0.0000","0.00","0.0000","0"
"B07SMBZ2ZB-GT-XJD0-RZ3X","","","利用資格あり","0.00","0.00","0.0000","1539","6","0.0039","66.31","11.05","0","0.0000","0","0.0000","0.00","0.0000","0"