"日付","出品者SKU","FNSKU","ASIN","商品名","コンディション","商品サイズ","通貨","volume-unit","国","請求対象の在庫数","請求金額","追加手数料の対象期間","追加手数料率"
"2023-07-14T15:01:00+00:00","KY-VS07-AZ19","X000Y4QVL9","B098DWHYBR","[smally] 【Smart-Bear】T004 レインコート レインウェア 雨具 キッズ 子供 レインコート 可愛い 超軽量 通学 (ピンク, XXL)","新品","8.0E-4","JPY","cubic_meters","JP","1","20.00","365+","20.0"
"2023-07-14T15:01:00+00:00","PR-MQFU-S8KG","X000RJ3LZP","B07RP5F6PR","[Smart-Bear] T008 レインコート レインウェア 雨具 キッズ 子供 レインコート 可愛い 超軽量 通学 フクロウ 梅花 熊 パイナップル (L, グレー)","新品","0.0015","JPY","cubic_meters","JP","1","9.00","271-365","9.0"
"2023-07-14T15:00:00+00:00","4E-8JAQ-UHTH","X0011523SF","B0B4NVH234","[enbihouse] 【Smart-Bear】T013 キッズ レインコート 男の子 子供用 レインウェア 雨具 小学生 レインポンチョ 防水 防風 収納ポーチ付 梅雨対策 通園 通学 入園 (XXXL)","新品","0.0022","JPY","cubic_meters","JP","2","102.00","365+","51.0"
"2023-07-14T15:00:00+00:00","T6-G4A1-RR8E","X00111636R","B0B3LR181Y","[enbihouse] 【Smart-Bear】T013 キッズ レインコート 男の子 子供用 レインウェア 雨具 小学生 レインポンチョ 防水 防風 収納ポーチ付 梅雨対策 通園 通学 入園 (XXL)","新品","0.002","JPY","cubic_meters","JP","2","95.00","365+","47.5"
"2023-07-14T15:00:00+00:00","7L-VIH8-AFE4","X001115Y1R","B0B3LRNJ4C","[enbihouse] 【Smart-Bear】T013 キッズ レインコート 男の子 子供用 レインウェア 雨具 小学生 レインポンチョ 防水 防風 収納ポーチ付 梅雨対策 通園 通学 入園 (L)","新品","0.0025","JPY","cubic_meters","JP","1","15.00","271-365","15.0"
"2023-07-14T15:00:00+00:00","WJ-Q5ML-D1TD","X001115LMT","B0B3LWL1FQ","[enbihouse] 【Smart-Bear】T013 キッズ レインコート 男の子 子供用 レインウェア 雨具 小学生 レインポンチョ 防水 防風 収納ポーチ付 梅雨対策 通園 通学 入園 (XL)","新品","0.002","JPY","cubic_meters","JP","2","93.00","365+","46.5"
"2023-07-14T15:00:00+00:00","US-OH0Y-DZJN","X0010V0F49","B0B1VQRNJR","[enbihouse] 【Smart-Bear】T012 キッズ レインコート 女の子 子供用 レインウェア 雨具 小学生 レインポンチョ 防水 防風 収納ポーチ付 梅雨対策 通園 通学 入園 (ウサギ, S)","新品","0.0018","JPY","cubic_meters","JP","1","42.00","365+","42.0"
"2023-07-14T15:00:00+00:00","4J-972F-LZOQ","X0010V061B","B0B1VLLR8D","[enbihouse] 【Smart-Bear】T011 キッズ レインコート 女の子 子供用 レインウェア 男の子 雨具 男女兼用 小学生 レインポンチョ 防水 防風 収納ポーチ付 梅雨対策 通園 通学 入園 (ピンクウサギ, L)","新品","0.0019","JPY","cubic_meters","JP","1","45.00","365+","45.0"
"2023-07-14T15:00:00+00:00","TK-HDPN-24QO","X0010V0611","B0B1VMNM1H","[enbihouse] 【Smart-Bear】T011 キッズ レインコート 女の子 子供用 レインウェア 男の子 雨具 男女兼用 小学生 レインポンチョ 防水 防風 収納ポーチ付 梅雨対策 通園 通学 入園 (イエローライオン, XL)","新品","0.0029","JPY","cubic_meters","JP","2","137.00","365+","68.5"
"2023-07-14T15:00:00+00:00","U5-D45P-VL0B","X0010V060R","B0B1VKZFGV","[enbihouse] 【Smart-Bear】T011 キッズ レインコート 女の子 子供用 レインウェア 男の子 雨具 男女兼用 小学生 レインポンチョ 防水 防風 収納ポーチ付 梅雨対策 通園 通学 入園 (ブルー恐竜, XXL)","新品","0.0021","JPY","cubic_meters","JP","2","99.00","365+","49.5"
"2023-07-14T15:00:00+00:00","ZP-THGH-ZY7D","X0010V05YT","B0B1VM5KN9","[enbihouse] 【Smart-Bear】T011 キッズ レインコート 女の子 子供用 レインウェア 男の子 雨具 男女兼用 小学生 レインポンチョ 防水 防風 収納ポーチ付 梅雨対策 通園 通学 入園 (イエローライオン, XXL)","新品","0.003","JPY","cubic_meters","JP","1","70.00","365+","70.0"
"2023-07-14T15:00:00+00:00","0W-RCOB-4NRD","X0010V05XF","B0B1VM8X4N","[enbihouse] 【Smart-Bear】T011 キッズ レインコート 女の子 子供用 レインウェア 男の子 雨具 男女兼用 小学生 レインポンチョ 防水 防風 収納ポーチ付 梅雨対策 通園 通学 入園 (ブルー恐竜, L)","新品","0.0024","JPY","cubic_meters","JP","2","115.00","365+","57.5"
"2023-07-14T15:00:00+00:00","IV-QEFH-STVU","X0010V02NN","B0B1VKD81Q","[enbihouse] 【Smart-Bear】T011 キッズ レインコート 女の子 子供用 レインウェア 男の子 雨具 男女兼用 小学生 レインポンチョ 防水 防風 収納ポーチ付 梅雨対策 通園 通学 入園 (ライムイエローネコ, L)","新品","0.002","JPY","cubic_meters","JP","2","95.00","365+","47.5"
"2023-07-14T15:00:00+00:00","FM-61TW-KL1F","X0010V02ND","B0B1VLWX5F","[enbihouse] 【Smart-Bear】T011 キッズ レインコート 女の子 子供用 レインウェア 男の子 雨具 男女兼用 小学生 レインポンチョ 防水 防風 収納ポーチ付 梅雨対策 通園 通学 入園 (ブルー恐竜, S)","新品","0.003","JPY","cubic_meters","JP","2","144.00","365+","72.0"
"2023-07-14T15:00:00+00:00","29-81KW-WWVL","X0010V02KL","B0B1VLCL1M","[enbihouse] 【Smart-Bear】T011 キッズ レインコート 女の子 子供用 レインウェア 男の子 雨具 男女兼用 小学生 レインポンチョ 防水 防風 収納ポーチ付 梅雨対策 通園 通学 入園 (ピンクウサギ, XXL)","新品","0.002","JPY","cubic_meters","JP","1","46.00","365+","46.0"
"2023-07-14T15:00:00+00:00","4T-5C9T-6EYC","X0010V02K1","B0B1VLFV4Q","[enbihouse] 【Smart-Bear】T011 キッズ レインコート 女の子 子供用 レインウェア 男の子 雨具 男女兼用 小学生 レインポンチョ 防水 防風 収納ポーチ付 梅雨対策 通園 通学 入園 (ライムイエローネコ, XXL)","新品","0.0019","JPY","cubic_meters","JP","2","89.00","365+","44.5"
"2023-07-14T15:00:00+00:00","RX-2IJ5-L8XZ","X0010V0283","B0B1VR15Q9","[enbihouse] 【Smart-Bear】T011 キッズ レインコート 女の子 子供用 レインウェア 男の子 雨具 男女兼用 小学生 レインポンチョ 防水 防風 収納ポーチ付 梅雨対策 通園 通学 入園 (ライムイエローネコ, M)","新品","0.002","JPY","cubic_meters","JP","1","46.00","365+","46.0"
"2023-07-14T15:00:00+00:00","0D-X76G-A4UZ","X0010V026Z","B0B1VKTV1B","[enbihouse] 【Smart-Bear】T011 キッズ レインコート 女の子 子供用 レインウェア 男の子 雨具 男女兼用 小学生 レインポンチョ 防水 防風 収納ポーチ付 梅雨対策 通園 通学 入園 (ライムイエローネコ, XL)","新品","0.002","JPY","cubic_meters","JP","2","93.00","365+","46.5"
"2023-07-14T15:00:00+00:00","HE-EJK1-JZ8E","X0010V026P","B0B1VMKBH6","[enbihouse] 【Smart-Bear】T011 キッズ レインコート 女の子 子供用 レインウェア 男の子 雨具 男女兼用 小学生 レインポンチョ 防水 防風 収納ポーチ付 梅雨対策 通園 通学 入園 (イエローライオン, L)","新品","0.002","JPY","cubic_meters","JP","2","93.00","365+","46.5"
"2023-07-14T15:00:00+00:00","IA-PET0-ITOQ","X0010V025L","B0B1VLGZCP","[enbihouse] 【Smart-Bear】T011 キッズ レインコート 女の子 子供用 レインウェア 男の子 雨具 男女兼用 小学生 レインポンチョ 防水 防風 収納ポーチ付 梅雨対策 通園 通学 入園 (ライムイエローネコ, S)","新品","0.002","JPY","cubic_meters","JP","2","93.00","365+","46.5"
"2023-07-14T15:00:00+00:00","9G-D1US-1N8Q","X0010V0071","B0B1VL74HG","[enbihouse] 【Smart-Bear】T011 キッズ レインコート 女の子 子供用 レインウェア 男の子 雨具 男女兼用 小学生 レインポンチョ 防水 防風 収納ポーチ付 梅雨対策 通園 通学 入園 (ブルー恐竜, M)","新品","0.002","JPY","cubic_meters","JP","1","46.00","365+","46.0"
"2023-07-14T15:00:00+00:00","Z1-VUU9-82P7","X0010V005X","B0B1VMFDWP","[enbihouse] 【Smart-Bear】T011 キッズ レインコート 女の子 子供用 レインウェア 男の子 雨具 男女兼用 小学生 レインポンチョ 防水 防風 収納ポーチ付 梅雨対策 通園 通学 入園 (ピンクウサギ, XL)","新品","0.002","JPY","cubic_meters","JP","2","93.00","365+","46.5"
"2023-07-14T15:00:00+00:00","KV-H523-LEB2","X0010V005N","B0B1VKKVDC","[enbihouse] 【Smart-Bear】T011 キッズ レインコート 女の子 子供用 レインウェア 男の子 雨具 男女兼用 小学生 レインポンチョ 防水 防風 収納ポーチ付 梅雨対策 通園 通学 入園 (ブルー恐竜, XL)","新品","0.002","JPY","cubic_meters","JP","2","93.00","365+","46.5"
"2023-07-14T15:00:00+00:00","1T-LQ5G-BT2E","X000ZT0E7Z","B09QHWKVSQ","[Smart-Bear] W022 可愛い キッズ 子供 靴下 ソックス 豚 パンダ 動物柄 くるぶし ジュニア 通気 メッシュ くつした 男の子 女の子 ソックス 綿 5足セット (動物柄, S:11?13cm(1-2歳))","新品","6.0E-4","JPY","cubic_meters","JP","5","74.00","365+","14.8"
"2023-07-14T15:00:00+00:00","D5-WGY2-NJ46","X000ZJ41LP","B09NHPB9GJ","[Smart-Bear] P002 キッズ服 Tシャツ ズボン 男の子 女の子 パジャマ 前開きキッズ 部屋着 寝間着ルームウェア ホームサービス ベビー 長袖 ボタン トップス ショートパンツ 上下セット服 子供 春 秋 冬 七五三 誕生日 新年 (150cm, ブルー恐竜柄)","新品","0.0017","JPY","cubic_meters","JP","1","11.00","271-365","11.0"
"2023-07-14T15:00:00+00:00","MM-O4D6-SHDG","X000ZJ41KL","B09NHNWZMQ","[Smart-Bear] P002 キッズ服 Tシャツ ズボン 男の子 女の子 パジャマ 前開きキッズ 部屋着 寝間着ルームウェア ホームサービス ベビー 長袖 ボタン トップス ショートパンツ 上下セット服 子供 春 秋 冬 七五三 誕生日 新年 (150cm, 自動車柄)","新品","0.005","JPY","cubic_meters","JP","1","117.00","365+","117.0"
"2023-07-14T15:00:00+00:00","QH-M533-IZEL","X000ZJ3JFT","B09NHPHTSJ","[Smart-Bear] P002 キッズ服 Tシャツ ズボン 男の子 女の子 パジャマ 前開きキッズ 部屋着 寝間着ルームウェア ホームサービス ベビー 長袖 ボタン トップス ショートパンツ 上下セット服 子供 春 秋 冬 七五三 誕生日 新年 (120cm, ウサギ柄)","新品","0.0017","JPY","cubic_meters","JP","1","41.00","365+","41.0"
"2023-07-14T15:00:00+00:00","A2-QYCP-2JFZ","X000ZJ3JE5","B09NHPFTJN","[Smart-Bear] P002 キッズ服 Tシャツ ズボン 男の子 女の子 パジャマ 前開きキッズ 部屋着 寝間着ルームウェア ホームサービス ベビー 長袖 ボタン トップス ショートパンツ 上下セット服 子供 春 秋 冬 七五三 誕生日 新年 (150cm, ウサギ柄)","新品","0.0043","JPY","cubic_meters","JP","5","505.00","365+","101.0"
"2023-07-14T15:00:00+00:00","IR-I1X3-ET6M","X000YPFV3R","B07S4K7DXF","【Smart-KM】C034 ミニ充電器 アップルウォッチ充電器 置くだけ充電パッド 急速充電対応 Wireless PowerPort ワイヤレスチャージャー アップルウォッチ Apple iWatch シリーズ 4/3/2/1全対応 (白)","新品","2.0E-4","JPY","cubic_meters","JP","3","11.00","365+","3.5"
"2023-07-14T15:00:00+00:00","6Q-6OGN-08FY","X000Y4RO8N","B098DWN14D","[smally] 【Smart-Bear】T004 レインコート レインウェア 雨具 キッズ 子供 レインコート 可愛い 超軽量 通学 (ブルー, XXL)","新品","8.0E-4","JPY","cubic_meters","JP","1","5.00","271-365","5.0"
"2023-07-14T15:00:00+00:00","KY-VS07-AZ19","X000Y4QVL9","B098DWHYBR","[smally] 【Smart-Bear】T004 レインコート レインウェア 雨具 キッズ 子供 レインコート 可愛い 超軽量 通学 (ピンク, XXL)","新品","8.0E-4","JPY","cubic_meters","JP","3","15.00","271-365","5.0"
"2023-07-14T15:00:00+00:00","IZ-KJI2-9ICQ","X000Y3RKZ1","B09838BD2Z","[Smart-Bear] T309 キッズ レインブーツ レインシューズ 子供用 長靴 男の子 女の子 雨靴 ゴム長靴 滑り止め 通園・通学・アウトドア遊び用 完全防水 雪遊び 滑りにくい 梅雨対策 プルハンドル付き (イエロー, measurement_15_point_5_centimeters)","新品","0.0042","JPY","cubic_meters","JP","1","26.00","271-365","26.0"
"2023-07-14T15:00:00+00:00","GP-7JNG-JM04","X000Y3QVVF","B09838LPZC","[Smart-Bear] T309 キッズ レインブーツ レインシューズ 子供用 長靴 男の子 女の子 雨靴 ゴム長靴 滑り止め 通園・通学・アウトドア遊び用 完全防水 雪遊び 滑りにくい 梅雨対策 プルハンドル付き (イエロー, measurement_19_point_5_centimeters)","新品","0.005","JPY","cubic_meters","JP","2","236.00","365+","118.0"
"2023-07-14T15:00:00+00:00","MM-RGM0-JIRO","X000Y3QQJR","B09838WLPH","[Smart-Bear] T309 キッズ レインブーツ レインシューズ 子供用 長靴 男の子 女の子 雨靴 ゴム長靴 滑り止め 通園・通学・アウトドア遊び用 完全防水 雪遊び 滑りにくい 梅雨対策 プルハンドル付き (イエロー, measurement_17_point_0_centimeters)","新品","0.0042","JPY","cubic_meters","JP","1","26.00","271-365","26.0"
"2023-07-14T15:00:00+00:00","L7-MHJQ-NXY2","X000XKQ8LR","B093KPR8GB","[Smart-Bear] W018 子供 ソックス 靴下 キッズ ガールズ お姫様 ベビー 柔らかい 春 夏 秋 通気 女の子 5足セット (イチゴ, x_l)","新品","6.0E-4","JPY","cubic_meters","JP","1","14.00","365+","14.0"
"2023-07-14T15:00:00+00:00","J5-L7JS-HX8H","X000XKQ46L","B093KC4M19","[Smart-Bear] W009 子供の靴下 キッズ 子供 くつした メッシュ 通気防臭 男女兼用 男の子 女の子 可愛い 5足セット (車, x_l)","新品","0.0019","JPY","cubic_meters","JP","2","87.00","365+","44.0"
"2023-07-14T15:00:00+00:00","L5-0F9K-3CIA","X000XKNEWN","B093KCMXG4","[Smart-Bear] W002 子供の靴下 女の子 ソックス メッシュ素材 可愛い お姫様 学生用 通園通学 5足セット (A, x_l)","新品","8.0E-4","JPY","cubic_meters","JP","1","19.00","365+","19.0"
"2023-07-14T15:00:00+00:00","01-ESOX-AV8Q","X000XKMSON","B093JZ2JB9","[Smart-Bear] W002 子供の靴下 女の子 ソックス メッシュ素材 可愛い お姫様 学生用 通園通学 5足セット (A, s)","新品","8.0E-4","JPY","cubic_meters","JP","3","56.00","365+","18.5"
"2023-07-14T15:00:00+00:00","JW-7LG8-28A1","X000XKMSOD","B093KN1JQR","[Smart-Bear] W002 子供の靴下 女の子 ソックス メッシュ素材 可愛い お姫様 学生用 通園通学 5足セット (A, m)","新品","8.0E-4","JPY","cubic_meters","JP","4","75.00","365+","18.75"
"2023-07-14T15:00:00+00:00","4H-Z807-Q82E","X000XKLW9Z","B093K5D4MD","[Smart-Bear] W002 子供の靴下 女の子 ソックス メッシュ素材 可愛い お姫様 学生用 通園通学 5足セット (A, l)","新品","8.0E-4","JPY","cubic_meters","JP","3","56.00","365+","18.666666666666668"
"2023-07-14T15:00:00+00:00","OC-VF51-U7VG","X000WRECMD","B0782TSXGW","[smally] 【Smart-Bear】T004 レインコート レインウェア 雨具 キッズ 子供 レインコート 可愛い 超軽量 通学 (ブルー, L)","新品","8.0E-4","JPY","cubic_meters","JP","2","10.00","271-365","5.0"
"2023-07-14T15:00:00+00:00","WD-OW75-PHRJ","X000UYL393","B08B1SB1DP","[Smart-Bear] T306 キッズ レインブーツ レインシューズ 子供用 長靴 男の子 女の子 雨靴 ゴム長靴 滑り止め 通園・通学・アウトドア遊び用 完全防水 雪遊び 滑りにくい 梅雨対策 プルハンドル付き (人魚柄, measurement_16_point_0_centimeters)","新品","7.0E-4","JPY","cubic_meters","JP","2","33.00","365+","16.5"
"2023-07-14T15:00:00+00:00","BL-6R6N-YARS","X000UYL38T","B08B1RTBC9","[Smart-Bear] T306 キッズ レインブーツ レインシューズ 子供用 長靴 男の子 女の子 雨靴 ゴム長靴 滑り止め 通園・通学・アウトドア遊び用 完全防水 雪遊び 滑りにくい 梅雨対策 プルハンドル付き (人魚柄, measurement_15_point_0_centimeters)","新品","0.0037","JPY","cubic_meters","JP","1","86.00","365+","86.0"
"2023-07-14T15:00:00+00:00","E3-46MA-X1C7","X000UXZN3B","B089YFH2HZ","[Smart-Bear] T308 キッズ レインブーツ レインシューズ 子供用 長靴 男の子 女の子 雨靴 ゴム長靴 滑り止め 通園・通学・アウトドア遊び用 完全防水 雪遊び 滑りにくい 梅雨対策 (ブルー, measurement_17_point_0_centimeters)","新品","3.0E-4","JPY","cubic_meters","JP","3","19.00","365+","6.0"
"2023-07-14T15:00:00+00:00","A5-E10V-I6VF","X000UXZN1D","B089XVNZVJ","[Smart-Bear] T308 キッズ レインブーツ レインシューズ 子供用 長靴 男の子 女の子 雨靴 ゴム長靴 滑り止め 通園・通学・アウトドア遊び用 完全防水 雪遊び 滑りにくい 梅雨対策 (ホワイト, measurement_18_point_5_centimeters)","新品","0.0023","JPY","cubic_meters","JP","1","14.00","271-365","14.0"
"2023-07-14T15:00:00+00:00","A2-8C3Q-TP3H","X000UXZN0T","B089Y5K3LH","[Smart-Bear] T308 キッズ レインブーツ レインシューズ 子供用 長靴 男の子 女の子 雨靴 ゴム長靴 滑り止め 通園・通学・アウトドア遊び用 完全防水 雪遊び 滑りにくい 梅雨対策 (ピンク, measurement_16_point_0_centimeters)","新品","0.0042","JPY","cubic_meters","JP","1","100.00","365+","100.0"
"2023-07-14T15:00:00+00:00","SX-5OGR-3BLH","X000UXZN09","B089XT4HBK","[Smart-Bear] T308 キッズ レインブーツ レインシューズ 子供用 長靴 男の子 女の子 雨靴 ゴム長靴 滑り止め 通園・通学・アウトドア遊び用 完全防水 雪遊び 滑りにくい 梅雨対策 (グリーン, measurement_19_point_0_centimeters)","新品","0.0039","JPY","cubic_meters","JP","2","48.00","271-365","24.0"
"2023-07-14T15:00:00+00:00","TU-NT1P-94U3","X000UXZMZ5","B089Y37ZLW","[Smart-Bear] T308 キッズ レインブーツ レインシューズ 子供用 長靴 男の子 女の子 雨靴 ゴム長靴 滑り止め 通園・通学・アウトドア遊び用 完全防水 雪遊び 滑りにくい 梅雨対策 (ブルー, measurement_18_point_5_centimeters)","新品","0.0023","JPY","cubic_meters","JP","3","162.00","365+","54.0"
"2023-07-14T15:00:00+00:00","1W-V35B-OQU4","X000UXZMYV","B089Y42MCJ","[Smart-Bear] T308 キッズ レインブーツ レインシューズ 子供用 長靴 男の子 女の子 雨靴 ゴム長靴 滑り止め 通園・通学・アウトドア遊び用 完全防水 雪遊び 滑りにくい 梅雨対策 (ブルー, measurement_21_point_0_centimeters)","新品","0.0034","JPY","cubic_meters","JP","2","160.00","365+","80.0"
"2023-07-14T15:00:00+00:00","I6-UJFU-XBSO","X000UXZMY1","B089YBK6VH","[Smart-Bear] T308 キッズ レインブーツ レインシューズ 子供用 長靴 男の子 女の子 雨靴 ゴム長靴 滑り止め 通園・通学・アウトドア遊び用 完全防水 雪遊び 滑りにくい 梅雨対策 (グリーン, measurement_16_point_0_centimeters)","新品","0.0042","JPY","cubic_meters","JP","1","100.00","365+","100.0"
"2023-07-14T15:00:00+00:00","MP-V48A-NX79","X000UXZDE5","B089XXZG2B","[Smart-Bear] T308 キッズ レインブーツ レインシューズ 子供用 長靴 男の子 女の子 雨靴 ゴム長靴 滑り止め 通園・通学・アウトドア遊び用 完全防水 雪遊び 滑りにくい 梅雨対策 (ブルー, measurement_15_point_0_centimeters)","新品","0.0042","JPY","cubic_meters","JP","2","200.00","365+","100.0"
"2023-07-14T15:00:00+00:00","ZC-60UA-LMFU","X000UXXDKB","B089Y996WK","[Smart-Bear] T308 キッズ レインブーツ レインシューズ 子供用 長靴 男の子 女の子 雨靴 ゴム長靴 滑り止め 通園・通学・アウトドア遊び用 完全防水 雪遊び 滑りにくい 梅雨対策 (ブルー, measurement_16_point_0_centimeters)","新品","0.0042","JPY","cubic_meters","JP","1","100.00","365+","100.0"
"2023-07-14T15:00:00+00:00","Q0-HG8U-P1E5","X000UXXDJR","B089YBYJDS","[Smart-Bear] T308 キッズ レインブーツ レインシューズ 子供用 長靴 男の子 女の子 雨靴 ゴム長靴 滑り止め 通園・通学・アウトドア遊び用 完全防水 雪遊び 滑りにくい 梅雨対策 (ピンク, measurement_15_point_0_centimeters)","新品","0.0042","JPY","cubic_meters","JP","1","100.00","365+","100.0"
"2023-07-14T15:00:00+00:00","BD-BCHN-38VX","X000UXXDIX","B089Y4QLXH","[Smart-Bear] T308 キッズ レインブーツ レインシューズ 子供用 長靴 男の子 女の子 雨靴 ゴム長靴 滑り止め 通園・通学・アウトドア遊び用 完全防水 雪遊び 滑りにくい 梅雨対策 (ホワイト, measurement_15_point_0_centimeters)","新品","0.0042","JPY","cubic_meters","JP","1","26.00","271-365","26.0"
"2023-07-14T15:00:00+00:00","2H-KCMM-7HS3","X000UXXDI3","B089XVC243","[Smart-Bear] T308 キッズ レインブーツ レインシューズ 子供用 長靴 男の子 女の子 雨靴 ゴム長靴 滑り止め 通園・通学・アウトドア遊び用 完全防水 雪遊び 滑りにくい 梅雨対策 (ブルー, measurement_19_point_0_centimeters)","新品","0.0035","JPY","cubic_meters","JP","2","166.00","365+","83.0"
"2023-07-14T15:00:00+00:00","9N-4FPK-JMKR","X000UXXD83","B089XZRV3Z","[Smart-Bear] T308 キッズ レインブーツ レインシューズ 子供用 長靴 男の子 女の子 雨靴 ゴム長靴 滑り止め 通園・通学・アウトドア遊び用 完全防水 雪遊び 滑りにくい 梅雨対策 (ピンク, measurement_17_point_0_centimeters)","新品","0.0055","JPY","cubic_meters","JP","1","34.00","271-365","34.0"
"2023-07-14T15:00:00+00:00","WU-IPMQ-5LQ3","X000UXXD65","B089Y6X7PH","[Smart-Bear] T308 キッズ レインブーツ レインシューズ 子供用 長靴 男の子 女の子 雨靴 ゴム長靴 滑り止め 通園・通学・アウトドア遊び用 完全防水 雪遊び 滑りにくい 梅雨対策 (ホワイト, measurement_16_point_0_centimeters)","新品","0.0042","JPY","cubic_meters","JP","1","100.00","365+","100.0"
"2023-07-14T15:00:00+00:00","IJ-I7ZU-ZNHG","X000UXXD4H","B089Y2T8BZ","[Smart-Bear] T308 キッズ レインブーツ レインシューズ 子供用 長靴 男の子 女の子 雨靴 ゴム長靴 滑り止め 通園・通学・アウトドア遊び用 完全防水 雪遊び 滑りにくい 梅雨対策 (グリーン, measurement_15_point_0_centimeters)","新品","0.0042","JPY","cubic_meters","JP","1","100.00","365+","100.0"
"2023-07-14T15:00:00+00:00","RV-6PGA-WUBW","X000UXXD29","B089Y9LF2J","[Smart-Bear] T308 キッズ レインブーツ レインシューズ 子供用 長靴 男の子 女の子 雨靴 ゴム長靴 滑り止め 通園・通学・アウトドア遊び用 完全防水 雪遊び 滑りにくい 梅雨対策 (ホワイト, measurement_21_point_0_centimeters)","新品","0.0044","JPY","cubic_meters","JP","1","27.00","271-365","27.0"
"2023-07-14T15:00:00+00:00","SX-6PUQ-K56B","X000UXXD1Z","B089XYRGZB","[Smart-Bear] T308 キッズ レインブーツ レインシューズ 子供用 長靴 男の子 女の子 雨靴 ゴム長靴 滑り止め 通園・通学・アウトドア遊び用 完全防水 雪遊び 滑りにくい 梅雨対策 (ホワイト, measurement_19_point_0_centimeters)","新品","0.0039","JPY","cubic_meters","JP","2","184.00","365+","92.0"
"2023-07-14T15:00:00+00:00","SH-OD0M-HDQG","X000UXVQ23","B089WGQJT1","[Smart-Bear] T303 キッズ レインブーツ レインシューズ 子供用 長靴 男の子 女の子 雨靴 ゴム長靴 滑り止め 通園・通学・アウトドア遊び用 完全防水 雪遊び 滑りにくい 梅雨対策 (イエロー, measurement_15_point_0_centimeters)","新品","0.0032","JPY","cubic_meters","JP","1","20.00","271-365","20.0"
"2023-07-14T15:00:00+00:00","9I-ACXI-QZ5Y","X000UXVQ0Z","B089WH1W1T","[Smart-Bear] T303 キッズ レインブーツ レインシューズ 子供用 長靴 男の子 女の子 雨靴 ゴム長靴 滑り止め 通園・通学・アウトドア遊び用 完全防水 雪遊び 滑りにくい 梅雨対策 (ピンク, measurement_19_point_0_centimeters)","新品","0.0032","JPY","cubic_meters","JP","2","152.00","365+","76.0"
"2023-07-14T15:00:00+00:00","F6-17RZ-7XNS","X000UXVO4N","B089WG4GNW","[Smart-Bear] T303 キッズ レインブーツ レインシューズ 子供用 長靴 男の子 女の子 雨靴 ゴム長靴 滑り止め 通園・通学・アウトドア遊び用 完全防水 雪遊び 滑りにくい 梅雨対策 (ピンク, measurement_15_point_0_centimeters)","新品","0.0032","JPY","cubic_meters","JP","1","76.00","365+","76.0"
"2023-07-14T15:00:00+00:00","3Z-60WN-SCCV","X000UNOU4J","B088D9XNFV","[Smart-Bear] W023 夏 ベビー 幼児用 キッズ 子供 靴下 男の子 女の子 かわいい スポーツ 無地 通気 5足セット (白色, S:11?13cm(1-2歳))","新品","7.0E-4","JPY","cubic_meters","JP","4","61.00","365+","15.25"
"2023-07-14T15:00:00+00:00","OL-JWJ3-NTJ0","X000UNOU49","B088DBXRFV","[Smart-Bear] W023 夏 ベビー 幼児用 キッズ 子供 靴下 男の子 女の子 かわいい スポーツ 無地 通気 5足セット (白色, M:13?15cm(3-4歳))","新品","7.0E-4","JPY","cubic_meters","JP","5","77.00","365+","15.5"
"2023-07-14T15:00:00+00:00","UC-BNLP-88EH","X000UNOU3P","B088DB1KY2","[Smart-Bear] W023 夏 ベビー 幼児用 キッズ 子供 靴下 男の子 女の子 かわいい スポーツ 無地 通気 5足セット (動物柄, XL:18?21cm(8-11歳))","新品","7.0E-4","JPY","cubic_meters","JP","3","46.00","365+","15.333333333333334"
"2023-07-14T15:00:00+00:00","RJ-QO5B-DDJC","X000UNOU3F","B088DC1H3M","[Smart-Bear] W023 夏 ベビー 幼児用 キッズ 子供 靴下 男の子 女の子 かわいい スポーツ 無地 通気 5足セット (菊柄-男, XL:18?21cm(8-11歳))","新品","7.0E-4","JPY","cubic_meters","JP","5","77.00","365+","15.4"
"2023-07-14T15:00:00+00:00","WV-DEOA-5NE7","X000UNOU2V","B088D9MCN7","[Smart-Bear] W023 夏 ベビー 幼児用 キッズ 子供 靴下 男の子 女の子 かわいい スポーツ 無地 通気 5足セット (菊柄-女, XL:18?21cm(8-11歳))","新品","7.0E-4","JPY","cubic_meters","JP","4","61.00","365+","15.0"
"2023-07-14T15:00:00+00:00","PM-8S2O-C57C","X000UNOU2B","B088D9MBWM","[Smart-Bear] W023 夏 ベビー 幼児用 キッズ 子供 靴下 男の子 女の子 かわいい スポーツ 無地 通気 5足セット (笑い顔, S:11?13cm(1-2歳))","新品","7.0E-4","JPY","cubic_meters","JP","1","15.00","365+","15.0"
"2023-07-14T15:00:00+00:00","CR-BD6G-5J99","X000UNOR3D","B088DB7MFP","[Smart-Bear] W022 可愛い キッズ 子供 靴下 ソックス 豚 パンダ 動物柄 くるぶし ジュニア 通気 メッシュ くつした 男の子 女の子 ソックス 綿 5足セット (多彩色のアルファベット, XL:18?21cm(8-11歳))","新品","6.0E-4","JPY","cubic_meters","JP","4","59.00","365+","14.75"
"2023-07-14T15:00:00+00:00","1R-KND6-P8AN","X000UNOR2T","B088D7Y6DL","[Smart-Bear] W022 可愛い キッズ 子供 靴下 ソックス 豚 パンダ 動物柄 くるぶし ジュニア 通気 メッシュ くつした 男の子 女の子 ソックス 綿 5足セット (多彩色のアルファベット, S:11?13cm(1-2歳))","新品","6.0E-4","JPY","cubic_meters","JP","3","44.00","365+","14.666666666666666"
"2023-07-14T15:00:00+00:00","8X-KI9X-KUS0","X000UNO9CR","B088DC7C67","[Smart-Bear] W023 夏 ベビー 幼児用 キッズ 子供 靴下 男の子 女の子 かわいい スポーツ 無地 通気 5足セット (白色, XL:18?21cm(8-11歳))","新品","7.0E-4","JPY","cubic_meters","JP","6","92.00","365+","15.5"
"2023-07-14T15:00:00+00:00","0M-3ELQ-5SV4","X000UNO9C7","B088DBY77F","[Smart-Bear] W023 夏 ベビー 幼児用 キッズ 子供 靴下 男の子 女の子 かわいい スポーツ 無地 通気 5足セット (菊柄-男, L:15?18cm(5-7歳))","新品","7.0E-4","JPY","cubic_meters","JP","5","77.00","365+","15.5"
"2023-07-14T15:00:00+00:00","VW-UYK8-9S5O","X000UNO9BN","B088D9QHN6","[Smart-Bear] W023 夏 ベビー 幼児用 キッズ 子供 靴下 男の子 女の子 かわいい スポーツ 無地 通気 5足セット (菊柄-女, S:11?13cm(1-2歳))","新品","7.0E-4","JPY","cubic_meters","JP","3","46.00","365+","15.333333333333334"
"2023-07-14T15:00:00+00:00","O0-KL84-VM4X","X000UNO9BD","B088DBN1XC","[Smart-Bear] W023 夏 ベビー 幼児用 キッズ 子供 靴下 男の子 女の子 かわいい スポーツ 無地 通気 5足セット (純色-男, S:11?13cm(1-2歳))","新品","7.0E-4","JPY","cubic_meters","JP","5","77.00","365+","15.333333333333334"
"2023-07-14T15:00:00+00:00","7L-FLPL-4Y5Y","X000UNO9AT","B088D9VVRN","[Smart-Bear] W023 夏 ベビー 幼児用 キッズ 子供 靴下 男の子 女の子 かわいい スポーツ 無地 通気 5足セット (菊柄-男, M:13?15cm(3-4歳))","新品","7.0E-4","JPY","cubic_meters","JP","3","46.00","365+","15.333333333333334"
"2023-07-14T15:00:00+00:00","OV-SBKN-9JIK","X000UNO9AJ","B088DBDXMZ","[Smart-Bear] W023 夏 ベビー 幼児用 キッズ 子供 靴下 男の子 女の子 かわいい スポーツ 無地 通気 5足セット (純色-女, S:11?13cm(1-2歳))","新品","7.0E-4","JPY","cubic_meters","JP","4","61.00","365+","15.25"
"2023-07-14T15:00:00+00:00","37-CWWU-73D3","X000UNO9A9","B088D9KG8Z","[Smart-Bear] W023 夏 ベビー 幼児用 キッズ 子供 靴下 男の子 女の子 かわいい スポーツ 無地 通気 5足セット (動物柄, S:11?13cm(1-2歳))","新品","7.0E-4","JPY","cubic_meters","JP","1","15.00","365+","15.0"
"2023-07-14T15:00:00+00:00","CV-ME1O-7VA7","X000UNLXU3","B088D9V9JQ","[Smart-Bear] W023 夏 ベビー 幼児用 キッズ 子供 靴下 男の子 女の子 かわいい スポーツ 無地 通気 5足セット (菊柄-女, L:15?18cm(5-7歳))","新品","7.0E-4","JPY","cubic_meters","JP","4","61.00","365+","15.25"
"2023-07-14T15:00:00+00:00","84-5DVO-ARVI","X000UNLXTT","B088D9KVNL","[Smart-Bear] W023 夏 ベビー 幼児用 キッズ 子供 靴下 男の子 女の子 かわいい スポーツ 無地 通気 5足セット (菊柄-男, S:11?13cm(1-2歳))","新品","7.0E-4","JPY","cubic_meters","JP","4","61.00","365+","15.25"
"2023-07-14T15:00:00+00:00","NL-SBP4-N28Y","X000UNLXTJ","B088D9R3SN","[Smart-Bear] W023 夏 ベビー 幼児用 キッズ 子供 靴下 男の子 女の子 かわいい スポーツ 無地 通気 5足セット (純色-女, M:13?15cm(3-4歳))","新品","7.0E-4","JPY","cubic_meters","JP","7","108.00","365+","15.5"
"2023-07-14T15:00:00+00:00","ZR-DBKV-52F5","X000UNLXT9","B088D9RP7W","[Smart-Bear] W023 夏 ベビー 幼児用 キッズ 子供 靴下 男の子 女の子 かわいい スポーツ 無地 通気 5足セット (白色, L:15?18cm(5-7歳))","新品","7.0E-4","JPY","cubic_meters","JP","3","46.00","365+","15.333333333333334"
"2023-07-14T15:00:00+00:00","RE-XZHV-3VSX","X000UNLXSP","B088D9QLWQ","[Smart-Bear] W023 夏 ベビー 幼児用 キッズ 子供 靴下 男の子 女の子 かわいい スポーツ 無地 通気 5足セット (純色-女, XL:18?21cm(8-11歳))","新品","7.0E-4","JPY","cubic_meters","JP","3","46.00","365+","15.333333333333334"
"2023-07-14T15:00:00+00:00","SE-YQ47-WTHF","X000UNLXSF","B088D9PNV5","[Smart-Bear] W023 夏 ベビー 幼児用 キッズ 子供 靴下 男の子 女の子 かわいい スポーツ 無地 通気 5足セット (純色-女, L:15?18cm(5-7歳))","新品","7.0E-4","JPY","cubic_meters","JP","2","31.00","365+","15.5"
"2023-07-14T15:00:00+00:00","QW-57FQ-HJ97","X000UNLXS5","B088DCBV8Y","[Smart-Bear] W023 夏 ベビー 幼児用 キッズ 子供 靴下 男の子 女の子 かわいい スポーツ 無地 通気 5足セット (純色-男, M:13?15cm(3-4歳))","新品","7.0E-4","JPY","cubic_meters","JP","3","46.00","365+","15.0"
"2023-07-14T15:00:00+00:00","U8-VYCR-TAH1","X000UNL4X9","B088D9NYBR","[Smart-Bear] W022 可愛い キッズ 子供 靴下 ソックス 豚 パンダ 動物柄 くるぶし ジュニア 通気 メッシュ くつした 男の子 女の子 ソックス 綿 5足セット (多彩色のアルファベット, M:13?15cm(3-4歳))","新品","6.0E-4","JPY","cubic_meters","JP","3","44.00","365+","14.666666666666666"
"2023-07-14T15:00:00+00:00","57-JBDV-873U","X000UN0151","B0888BSL15","[Smart-Bear] W001 子供の靴下 ソックス 綿 メッシュ素材 薄型 春夏適用 通学 男の子 女の子 キッズ 通園 通学 5足セット (M)","新品","6.0E-4","JPY","cubic_meters","JP","3","40.00","365+","13.5"
"2023-07-14T15:00:00+00:00","2N-YXQP-8NK5","X000UMZTOP","B0888D9C3Y","[Smart-Bear] W001 子供の靴下 ソックス 綿 メッシュ素材 薄型 春夏適用 通学 男の子 女の子 キッズ 通園 通学 5足セット (S)","新品","6.0E-4","JPY","cubic_meters","JP","8","107.00","365+","13.5"
"2023-07-14T15:00:00+00:00","5C-HWA3-8XAM","X000UKQOCX","B087TBDY65","[Smart-Bear] W024 子供靴下 ベビーソックス 滑り止め 柔らかい 快適 吸汗通気 男の子 女の子 かわいい動物柄 通気 5足セット (E, S:11?13cm(1-3歳))","新品","7.0E-4","JPY","cubic_meters","JP","1","16.00","365+","16.0"
"2023-07-14T15:00:00+00:00","38-MPSA-WEAS","X000UKO8T9","B087T5M36D","[Smart-Bear] W024 子供靴下 ベビーソックス 滑り止め 柔らかい 快適 吸汗通気 男の子 女の子 かわいい動物柄 通気 5足セット (E, M:13?15cm(4-6歳))","新品","7.0E-4","JPY","cubic_meters","JP","3","47.00","365+","15.666666666666666"
"2023-07-14T15:00:00+00:00","SX-U8BR-RS05","X000UKO7NV","B087THPMM3","[Smart-Bear] W024 子供靴下 ベビーソックス 滑り止め 柔らかい 快適 吸汗通気 男の子 女の子 かわいい動物柄 通気 5足セット (E, L:16?19cm(7-9歳))","新品","7.0E-4","JPY","cubic_meters","JP","3","47.00","365+","16.0"
"2023-07-14T15:00:00+00:00","B4-YG71-8BI6","X000UKJECP","B087T7DKQQ","[Smart-Bear] W024 子供靴下 ベビーソックス 滑り止め 柔らかい 快適 吸汗通気 男の子 女の子 かわいい動物柄 通気 5足セット (A, M:13?15cm(4-6歳))","新品","7.0E-4","JPY","cubic_meters","JP","2","31.00","365+","15.5"
"2023-07-14T15:00:00+00:00","IC-5K6W-77K3","X000UKJECF","B087T2WK3T","[Smart-Bear] W024 子供靴下 ベビーソックス 滑り止め 柔らかい 快適 吸汗通気 男の子 女の子 かわいい動物柄 通気 5足セット (C, S:11?13cm(1-3歳))","新品","7.0E-4","JPY","cubic_meters","JP","4","63.00","365+","15.75"
"2023-07-14T15:00:00+00:00","GN-G5T3-NA3I","X000UKJEBV","B087TJR3F7","[Smart-Bear] W024 子供靴下 ベビーソックス 滑り止め 柔らかい 快適 吸汗通気 男の子 女の子 かわいい動物柄 通気 5足セット (B, L:16?19cm(7-9歳))","新品","7.0E-4","JPY","cubic_meters","JP","3","47.00","365+","15.666666666666666"
"2023-07-14T15:00:00+00:00","M0-MBM1-G70I","X000UKJBYL","B087TH19W5","[Smart-Bear] W024 子供靴下 ベビーソックス 滑り止め 柔らかい 快適 吸汗通気 男の子 女の子 かわいい動物柄 通気 5足セット (D, M:13?15cm(4-6歳))","新品","7.0E-4","JPY","cubic_meters","JP","2","31.00","365+","15.5"
"2023-07-14T15:00:00+00:00","JT-5YXJ-F172","X000UKJBYB","B087TJWH38","[Smart-Bear] W024 子供靴下 ベビーソックス 滑り止め 柔らかい 快適 吸汗通気 男の子 女の子 かわいい動物柄 通気 5足セット (C, L:16?19cm(7-9歳))","新品","7.0E-4","JPY","cubic_meters","JP","2","31.00","365+","15.5"
"2023-07-14T15:00:00+00:00","F6-272O-7I6N","X000UKJBY1","B087T3QWSB","[Smart-Bear] W024 子供靴下 ベビーソックス 滑り止め 柔らかい 快適 吸汗通気 男の子 女の子 かわいい動物柄 通気 5足セット (B, S:11?13cm(1-3歳))","新品","7.0E-4","JPY","cubic_meters","JP","1","16.00","365+","16.0"
"2023-07-14T15:00:00+00:00","S0-A4RL-7QPA","X000UKJ93J","B087TD97FL","[Smart-Bear] W024 子供靴下 ベビーソックス 滑り止め 柔らかい 快適 吸汗通気 男の子 女の子 かわいい動物柄 通気 5足セット (D, L:16?19cm(7-9歳))","新品","7.0E-4","JPY","cubic_meters","JP","1","16.00","365+","16.0"
"2023-07-14T15:00:00+00:00","J7-57G6-GT5G","X000UKJ939","B087T2J4XV","[Smart-Bear] W024 子供靴下 ベビーソックス 滑り止め 柔らかい 快適 吸汗通気 男の子 女の子 かわいい動物柄 通気 5足セット (A, S:11?13cm(1-3歳))","新品","7.0E-4","JPY","cubic_meters","JP","1","16.00","365+","16.0"
"2023-07-14T15:00:00+00:00","GD-76AL-SJNQ","X000UKJ92Z","B087TFYLX5","[Smart-Bear] W024 子供靴下 ベビーソックス 滑り止め 柔らかい 快適 吸汗通気 男の子 女の子 かわいい動物柄 通気 5足セット (A, L:16?19cm(7-9歳))","新品","7.0E-4","JPY","cubic_meters","JP","2","31.00","365+","15.5"
"2023-07-14T15:00:00+00:00","G3-SW24-6UI5","X000UKJ92P","B087T9HYDD","[Smart-Bear] W024 子供靴下 ベビーソックス 滑り止め 柔らかい 快適 吸汗通気 男の子 女の子 かわいい動物柄 通気 5足セット (D, S:11?13cm(1-3歳))","新品","7.0E-4","JPY","cubic_meters","JP","4","63.00","365+","15.75"
"2023-07-14T15:00:00+00:00","L1-DYSL-GLZP","X000UKJ92F","B087TJKZPF","[Smart-Bear] W024 子供靴下 ベビーソックス 滑り止め 柔らかい 快適 吸汗通気 男の子 女の子 かわいい動物柄 通気 5足セット (C, M:13?15cm(4-6歳))","新品","7.0E-4","JPY","cubic_meters","JP","2","32.00","365+","16.0"
"2023-07-14T15:00:00+00:00","2C-OMB5-LWES","X000TC4Q7H","B0829RCZH4","[Smart-Bear] W110 可愛い キッズ 靴下 子供 ボーイズ 靴下 男の子 ソックス 綿 抗菌防臭 吸汗吸湿 弾性 通気 柔らかい かわいい 通園通学 5足セット (XL, キリン柄)","商品情報がありません","7.0E-4","JPY","cubic_meters","JP","1","17.00","365+","17.0"
"2023-07-14T15:00:00+00:00","Z2-RKNI-R052","X000SYHBKZ","B07ZDCZWF8","【Smart-Bear】P001 子供用長袖パジャマ 男の子と女の子の下着子供の秋服セット綿の下着子供用コットンセーターパジャマ 丈夫で快適 綿100％ルームウェア長袖パジャマ上下セットパジャマ 2点セット子供服 長袖 寝間着 上下セット (90cm, ピンク森)","新品","0.0017","JPY","cubic_meters","JP","2","82.00","365+","41.0"
"2023-07-14T15:00:00+00:00","TM-2RVC-QEMP","X000SYHB7N","B07ZDDDMBX","[Smart-Bear] P002 キッズ服 Tシャツ ズボン 男の子 女の子 パジャマ 前開きキッズ 部屋着 寝間着ルームウェア ホームサービス ベビー 長袖 ボタン トップス ショートパンツ 上下セット服 子供 春 秋 冬 七五三 誕生日 新年 (110cm, グレー花柄)","新品","0.0017","JPY","cubic_meters","JP","2","82.00","365+","41.0"
"2023-07-14T15:00:00+00:00","P0-UT25-UFX6","X000SYH9W5","B07ZDDDCCZ","[Smart-Bear] P002 キッズ服 Tシャツ ズボン 男の子 女の子 パジャマ 前開きキッズ 部屋着 寝間着ルームウェア ホームサービス ベビー 長袖 ボタン トップス ショートパンツ 上下セット服 子供 春 秋 冬 七五三 誕生日 新年 (100cm, グレー花柄)","新品","0.0017","JPY","cubic_meters","JP","3","123.00","365+","41.0"
"2023-07-14T15:00:00+00:00","83-IIFW-0IH8","X000SYH8KD","B07ZD8D36Y","【Smart-Bear】P001 子供用長袖パジャマ 男の子と女の子の下着子供の秋服セット綿の下着子供用コットンセーターパジャマ 丈夫で快適 綿100％ルームウェア長袖パジャマ上下セットパジャマ 2点セット子供服 長袖 寝間着 上下セット (120cm, ブルー森)","新品","0.0017","JPY","cubic_meters","JP","1","41.00","365+","41.0"
"2023-07-14T15:00:00+00:00","47-ETP2-PRDO","X000SYH8K3","B07ZDCY8YD","【Smart-Bear】P001 子供用長袖パジャマ 男の子と女の子の下着子供の秋服セット綿の下着子供用コットンセーターパジャマ 丈夫で快適 綿100％ルームウェア長袖パジャマ上下セットパジャマ 2点セット子供服 長袖 寝間着 上下セット (110cm, ピンク森)","新品","0.0017","JPY","cubic_meters","JP","2","82.00","365+","41.0"
"2023-07-14T15:00:00+00:00","J9-94I6-9LXS","X000SYH6SH","B07ZDD5T4V","【Smart-Bear】P001 子供用長袖パジャマ 男の子と女の子の下着子供の秋服セット綿の下着子供用コットンセーターパジャマ 丈夫で快適 綿100％ルームウェア長袖パジャマ上下セットパジャマ 2点セット子供服 長袖 寝間着 上下セット (110cm, Best layers)","新品","0.0017","JPY","cubic_meters","JP","3","123.00","365+","41.0"
"2023-07-14T15:00:00+00:00","M4-DHXK-KG7S","X000SYH6S7","B07ZDDHLKC","【Smart-Bear】P001 子供用長袖パジャマ 男の子と女の子の下着子供の秋服セット綿の下着子供用コットンセーターパジャマ 丈夫で快適 綿100％ルームウェア長袖パジャマ上下セットパジャマ 2点セット子供服 長袖 寝間着 上下セット (130cm, Best layers)","新品","0.0017","JPY","cubic_meters","JP","1","41.00","365+","41.0"
"2023-07-14T15:00:00+00:00","UC-Q0G9-F94S","X000SYH6RX","B07ZDCMTSZ","【Smart-Bear】P001 子供用長袖パジャマ 男の子と女の子の下着子供の秋服セット綿の下着子供用コットンセーターパジャマ 丈夫で快適 綿100％ルームウェア長袖パジャマ上下セットパジャマ 2点セット子供服 長袖 寝間着 上下セット (120cm, ピンク森)","新品","0.0017","JPY","cubic_meters","JP","2","82.00","365+","41.0"
"2023-07-14T15:00:00+00:00","LO-WGEK-KN8B","X000SYH6RN","B07ZDDPPQW","【Smart-Bear】P001 子供用長袖パジャマ 男の子と女の子の下着子供の秋服セット綿の下着子供用コットンセーターパジャマ 丈夫で快適 綿100％ルームウェア長袖パジャマ上下セットパジャマ 2点セット子供服 長袖 寝間着 上下セット (100cm, ブルー森)","新品","0.0017","JPY","cubic_meters","JP","3","123.00","365+","41.0"
"2023-07-14T15:00:00+00:00","NX-F1QN-X0J4","X000SYGQ65","B07ZDD9RTM","【Smart-Bear】P001 子供用長袖パジャマ 男の子と女の子の下着子供の秋服セット綿の下着子供用コットンセーターパジャマ 丈夫で快適 綿100％ルームウェア長袖パジャマ上下セットパジャマ 2点セット子供服 長袖 寝間着 上下セット (110cm, ブルー森)","新品","0.0017","JPY","cubic_meters","JP","1","41.00","365+","41.0"
"2023-07-14T15:00:00+00:00","56-GPZ1-N4VR","X000SYGQ5V","B07ZDDSYD7","【Smart-Bear】P001 子供用長袖パジャマ 男の子と女の子の下着子供の秋服セット綿の下着子供用コットンセーターパジャマ 丈夫で快適 綿100％ルームウェア長袖パジャマ上下セットパジャマ 2点セット子供服 長袖 寝間着 上下セット (100cm, Best layers)","新品","0.0017","JPY","cubic_meters","JP","2","82.00","365+","41.0"
"2023-07-14T15:00:00+00:00","Z0-88HN-5GJI","X000SYGQ5L","B07ZDCX7QY","【Smart-Bear】P001 子供用長袖パジャマ 男の子と女の子の下着子供の秋服セット綿の下着子供用コットンセーターパジャマ 丈夫で快適 綿100％ルームウェア長袖パジャマ上下セットパジャマ 2点セット子供服 長袖 寝間着 上下セット (100cm, ピンク森)","新品","0.0017","JPY","cubic_meters","JP","3","123.00","365+","41.0"
"2023-07-14T15:00:00+00:00","YU-P2UP-W9LC","X000SYGL47","B07ZDFRRMS","[Smart-Bear] P002 キッズ服 Tシャツ ズボン 男の子 女の子 パジャマ 前開きキッズ 部屋着 寝間着ルームウェア ホームサービス ベビー 長袖 ボタン トップス ショートパンツ 上下セット服 子供 春 秋 冬 七五三 誕生日 新年 (90cm, グレー花柄)","新品","0.0017","JPY","cubic_meters","JP","3","123.00","365+","41.0"
"2023-07-14T15:00:00+00:00","ZP-CTZR-2XIR","X000SYGL3X","B07ZDFBP7C","[Smart-Bear] P002 キッズ服 Tシャツ ズボン 男の子 女の子 パジャマ 前開きキッズ 部屋着 寝間着ルームウェア ホームサービス ベビー 長袖 ボタン トップス ショートパンツ 上下セット服 子供 春 秋 冬 七五三 誕生日 新年 (130cm, グレー花柄)","新品","0.0018","JPY","cubic_meters","JP","4","174.00","365+","43.0"
"2023-07-14T15:00:00+00:00","CT-AEZM-LEP3","X000SYGKA7","B07ZDDVQT1","【Smart-Bear】P001 子供用長袖パジャマ 男の子と女の子の下着子供の秋服セット綿の下着子供用コットンセーターパジャマ 丈夫で快適 綿100％ルームウェア長袖パジャマ上下セットパジャマ 2点セット子供服 長袖 寝間着 上下セット (90cm, ブルー森)","新品","0.0017","JPY","cubic_meters","JP","2","82.00","365+","41.0"
"2023-07-14T15:00:00+00:00","74-6APK-MB74","X000SYG8FT","B07ZDDL4ZF","[Smart-Bear] P002 キッズ服 Tシャツ ズボン 男の子 女の子 パジャマ 前開きキッズ 部屋着 寝間着ルームウェア ホームサービス ベビー 長袖 ボタン トップス ショートパンツ 上下セット服 子供 春 秋 冬 七五三 誕生日 新年 (90cm, ピンク花柄)","新品","0.0017","JPY","cubic_meters","JP","2","82.00","365+","41.0"
"2023-07-14T15:00:00+00:00","47-C4M2-5IGT","X000SYG7K5","B07ZDDV5G7","【Smart-Bear】P001 子供用長袖パジャマ 男の子と女の子の下着子供の秋服セット綿の下着子供用コットンセーターパジャマ 丈夫で快適 綿100％ルームウェア長袖パジャマ上下セットパジャマ 2点セット子供服 長袖 寝間着 上下セット (90cm, Best layers)","新品","0.0017","JPY","cubic_meters","JP","1","41.00","365+","41.0"
"2023-07-14T15:00:00+00:00","3G-9UQB-UWC8","X000SYFST1","B07ZDCLLB7","[Smart-Bear] P002 キッズ服 Tシャツ ズボン 男の子 女の子 パジャマ 前開きキッズ 部屋着 寝間着ルームウェア ホームサービス ベビー 長袖 ボタン トップス ショートパンツ 上下セット服 子供 春 秋 冬 七五三 誕生日 新年 (100cm, ピンク花柄)","新品","0.0018","JPY","cubic_meters","JP","3","130.00","365+","43.0"
"2023-07-14T15:00:00+00:00","X0-H4Z5-SJF8","X000RVPZ4D","B07SW2B54C","[Smart-Bear] W018 子供 ソックス 靴下 キッズ ガールズ お姫様 ベビー 柔らかい 春 夏 秋 通気 女の子 5足セット (クマ, s)","新品","6.0E-4","JPY","cubic_meters","JP","3","43.00","365+","14.333333333333334"
"2023-07-14T15:00:00+00:00","7P-W5QU-9AH9","X000RUNXKR","B07STYQ8JN","[Smart-Bear] W018 子供 ソックス 靴下 キッズ ガールズ お姫様 ベビー 柔らかい 春 夏 秋 通気 女の子 5足セット (クマ, m)","新品","6.0E-4","JPY","cubic_meters","JP","4","58.00","365+","14.5"
"2023-07-14T15:00:00+00:00","GR-TOHD-5ZNC","X000RUNPGJ","B07SX74HGW","[Smart-Bear] W018 子供 ソックス 靴下 キッズ ガールズ お姫様 ベビー 柔らかい 春 夏 秋 通気 女の子 5足セット (イチゴ, s)","新品","5.0E-4","JPY","cubic_meters","JP","3","35.00","365+","11.666666666666666"
"2023-07-14T15:00:00+00:00","0L-8U5H-FML5","X000RU3MNZ","B07SSHRDYL","[Smart-Bear] T006 レインコート レインウェア 雨具 キッズ 子供 レインコート 可愛い 超軽量 通学 サメ (XXL, グレー)","新品","0.002","JPY","cubic_meters","JP","5","231.00","365+","46.2"
"2023-07-14T15:00:00+00:00","B5-LEZJ-XOXC","X000RU1IFJ","B07K5S245H","【Smart-KM】T005 レインコート レインウェア 雨具 キッズ 子供 レインコート 可愛い 超軽量 通学 (イエロー, XXL)","新品","0.0015","JPY","cubic_meters","JP","1","35.00","365+","35.0"
"2023-07-14T15:00:00+00:00","Z9-4PQK-E7RU","X000RTDCPJ","B07STYCDP1","[Smart-Bear] W018 子供 ソックス 靴下 キッズ ガールズ お姫様 ベビー 柔らかい 春 夏 秋 通気 女の子 5足セット (イチゴ, m)","新品","5.0E-4","JPY","cubic_meters","JP","4","47.00","365+","11.666666666666666"
"2023-07-14T15:00:00+00:00","OG-M4YQ-0HF3","X000RT7HBT","B07STK9L36","[Smart-Bear] T006 レインコート レインウェア 雨具 キッズ 子供 レインコート 可愛い 超軽量 通学 サメ (XXL, ピンク)","新品","0.002","JPY","cubic_meters","JP","6","278.00","365+","46.333333333333336"
"2023-07-14T15:00:00+00:00","36-537G-65QK","X000RT5CCF","B07K5RJJTC","【Smart-KM】T005 レインコート レインウェア 雨具 キッズ 子供 レインコート 可愛い 超軽量 通学 (ピンク, XXL)","新品","0.0013","JPY","cubic_meters","JP","2","64.00","365+","32.0"
"2023-07-14T15:00:00+00:00","2A-4FUA-XKMU","X000RR8SF5","B07SPWL813","[Smart-Bear] W017 可愛い キッズ 子供 靴下 ソックス お姫様 通気6足 セット カラフル 女の子 薄め (S)","新品","6.0E-4","JPY","cubic_meters","JP","2","29.00","365+","14.5"
"2023-07-14T15:00:00+00:00","CR-UG42-OR8Z","X000RQCC3P","B07SSDVJYF","[Smart-Bear] T003 レインコート レインウェア 雨具 キッズ 子供 レインコート 可愛い 超軽量 通学 リュック対応 トリ 果物 花柄 (XXL, ピンク)","新品","0.0013","JPY","cubic_meters","JP","1","8.00","271-365","8.0"
"2023-07-14T15:00:00+00:00","NS-7N9U-DWR1","X000RQ89I7","B07SPV611N","[Smart-Bear] W017 可愛い キッズ 子供 靴下 ソックス お姫様 通気 6足 セット カラフル 女の子 薄め (M)","新品","6.0E-4","JPY","cubic_meters","JP","1","14.00","365+","14.0"
"2023-07-14T15:00:00+00:00","F7-VUUV-OD1C","X000RQ88JH","B07SPWQD3T","[Smart-Bear] W017 可愛い キッズ 子供 靴下 ソックス お姫様 通気 6足 セット カラフル 女の子 薄め (L)","新品","6.0E-4","JPY","cubic_meters","JP","1","4.00","271-365","4.0"
"2023-07-14T15:00:00+00:00","GT-XJD0-RZ3X","X000RONWYP","B07SMBZ2ZB","[Smart-Bear] W016 子供の靴下 キッズ 靴下 子供 カラフル くつした 女の子 男の子 ソックス 綿 5足セット (M)","新品","7.0E-4","JPY","cubic_meters","JP","1","4.00","271-365","4.0"
"2023-07-14T15:00:00+00:00","5T-VATW-H4Y5","X000RONVT1","B07SPX94WQ","[Smart-Bear] W016 子供の靴下 キッズ 靴下 子供 カラフル くつした 女の子 男の子 ソックス 綿 5足セット (S)","新品","7.0E-4","JPY","cubic_meters","JP","3","47.00","365+","15.666666666666666"
"2023-07-14T15:00:00+00:00","6G-28VM-5OPH","X000RMKBWX","B07RQGYK5R","[Smart-Bear] W007 子供の靴下 ソックス 夏 メッシュ素材 可愛い お姫様 学生用 通園 通学 男女兼用 吸湿 通気 5足セット (S, 男)","新品","0.001","JPY","cubic_meters","JP","2","45.00","365+","22.5"
"2023-07-14T15:00:00+00:00","HF-W0WE-2S93","X000RMFWYP","B07RP68X1C","[Smart-Bear] T009 レインコート レインウェア 雨具 キッズ 子供 レインコート 可愛い 超軽量 通学 フクロウ 小さな恐竜 (S)","新品","0.0011","JPY","cubic_meters","JP","4","104.00","365+","26.0"
"2023-07-14T15:00:00+00:00","YK-QIKK-R32H","X000RMFKFB","B077V65KJV","【Smart-KM】T002 韓国enbihouseレインコート レインウェア 雨具 キッズ 子供 レインコート 可愛い 超軽量 通学 (ウマ, L)","新品","0.001","JPY","cubic_meters","JP","2","48.00","365+","24.0"
"2023-07-14T15:00:00+00:00","T2-P821-U7AD","X000RMFKF1","B077V3BSHD","【Smart-KM】T002 韓国enbihouseレインコート レインウェア 雨具 キッズ 子供 レインコート 可愛い 超軽量 通学 (ヒョウ, L)","新品","0.001","JPY","cubic_meters","JP","2","48.00","365+","24.0"
"2023-07-14T15:00:00+00:00","LQ-0N26-JIVF","X000RMF9KH","B07RR6YYFZ","[Smart-Bear] T008 レインコート レインウェア 雨具 キッズ 子供 レインコート 可愛い 超軽量 通学 フクロウ 梅花 熊 パイナップル (XXL, グレー)","新品","0.0015","JPY","cubic_meters","JP","1","9.00","271-365","9.0"
"2023-07-14T15:00:00+00:00","V6-3DBB-5J62","X000RMF9J3","B07RN3QRFD","[Smart-Bear] T008 レインコート レインウェア 雨具 キッズ 子供 レインコート 可愛い 超軽量 通学 フクロウ 梅花 熊 パイナップル (S, グレー)","新品","0.0015","JPY","cubic_meters","JP","5","178.00","365+","35.6"
"2023-07-14T15:00:00+00:00","SS-EB2Y-ZYLL","X000RLHM0D","B07RPJH3V7","[Smart-Bear] W007 子供の靴下 ソックス 夏 メッシュ素材 可愛い お姫様 学生用 通園 通学 男女兼用 吸湿 通気 5足セット (M, 女)","新品","0.001","JPY","cubic_meters","JP","2","12.00","271-365","6.0"
"2023-07-14T15:00:00+00:00","6W-YIXA-ZQ6P","X000RLFY5X","B07RTLQZM8","[Smart-Bear] W009 子供の靴下 キッズ 子供 くつした メッシュ 通気防臭 男女兼用 男の子 女の子 可愛い 5足セット (車, s)","新品","0.0019","JPY","cubic_meters","JP","1","11.00","271-365","11.0"
"2023-07-14T15:00:00+00:00","VB-1HM8-YF5D","X000RLFX9P","B07RRJ6YRS","[Smart-Bear] W009 子供の靴下 キッズ 子供 くつした メッシュ 通気防臭 男女兼用 男の子 女の子 可愛い 5足セット (カバ, l)","新品","5.0E-4","JPY","cubic_meters","JP","1","3.00","271-365","3.0"
"2023-07-14T15:00:00+00:00","2Z-OH3T-ZZA7","X000RLFX9F","B07RSJKTMR","[Smart-Bear] W009 子供の靴下 キッズ 子供 くつした メッシュ 通気防臭 男女兼用 男の子 女の子 可愛い 5足セット (カバ, m)","新品","6.0E-4","JPY","cubic_meters","JP","1","3.00","271-365","3.0"
"2023-07-14T15:00:00+00:00","SE-OQ4V-FPIJ","X000RLFWXR","B07RRJ6MV5","[Smart-Bear] W009 子供の靴下 キッズ 子供 くつした メッシュ 通気防臭 男女兼用 男の子 女の子 可愛い 5足セット (カバ, s)","新品","5.0E-4","JPY","cubic_meters","JP","3","37.00","365+","12.333333333333334"
"2023-07-14T15:00:00+00:00","MH-HDGL-UPY9","X000RLFVG5","B07RPGFKYW","[Smart-Bear] W002 子供の靴下 女の子 ソックス メッシュ素材 可愛い お姫様 学生用 通園通学 5足セット (B, l)","新品","8.0E-4","JPY","cubic_meters","JP","1","5.00","271-365","5.0"
"2023-07-14T15:00:00+00:00","22-9KDS-HIZ1","X000RLC7VR","B07RQ4M7ZG","[Smart-Bear] T009 レインコート レインウェア 雨具 キッズ 子供 レインコート 可愛い 超軽量 通学 フクロウ 小さな恐竜 (XL)","新品","0.0011","JPY","cubic_meters","JP","5","130.00","365+","26.0"
"2023-07-14T15:00:00+00:00","NN-HJCD-N9FE","X000RKI7G7","B07RP7495M","[Smart-Bear] T008 レインコート レインウェア 雨具 キッズ 子供 レインコート 可愛い 超軽量 通学 フクロウ 梅花 熊 パイナップル (M, グリーン)","新品","0.0017","JPY","cubic_meters","JP","1","11.00","271-365","10.0"
"2023-07-14T15:00:00+00:00","NW-P04L-6P5F","X000RKI2IZ","B077V1SGCV","【Smart-KM】T002 韓国enbihouseレインコート レインウェア 雨具 キッズ 子供 レインコート 可愛い 超軽量 通学 (ヒョウ, S)","新品","8.0E-4","JPY","cubic_meters","JP","3","56.00","365+","18.666666666666668"
"2023-07-14T15:00:00+00:00","87-E8P9-I7SP","X000RKI2IF","B077TVGDCQ","【Smart-KM】T002 韓国enbihouseレインコート レインウェア 雨具 キッズ 子供 レインコート 可愛い 超軽量 通学 (トリ, L)","新品","0.001","JPY","cubic_meters","JP","3","72.00","365+","24.0"
"2023-07-14T15:00:00+00:00","9F-8GXS-MQIG","X000RKI2I5","B077V5TP9Z","【Smart-KM】T002 韓国enbihouseレインコート レインウェア 雨具 キッズ 子供 レインコート 可愛い 超軽量 通学 (ウマ, S)","新品","0.001","JPY","cubic_meters","JP","5","120.00","365+","24.0"
"2023-07-14T15:00:00+00:00","5K-BESC-9BL4","X000RKHUW9","B077TVGFSG","【Smart-KM】T002 韓国enbihouseレインコート レインウェア 雨具 キッズ 子供 レインコート 可愛い 超軽量 通学 (トリ, S)","新品","8.0E-4","JPY","cubic_meters","JP","2","37.00","365+","18.5"
"2023-07-14T15:00:00+00:00","9W-X2Z4-B0TS","X000RKHUVZ","B077V2FCXS","【Smart-KM】T002 韓国enbihouseレインコート レインウェア 雨具 キッズ 子供 レインコート 可愛い 超軽量 通学 (トリ, XL)","新品","0.001","JPY","cubic_meters","JP","3","72.00","365+","24.0"
"2023-07-14T15:00:00+00:00","UM-5DK5-4OOK","X000RKHUE7","B077V2RBZC","【Smart-KM】T002 韓国enbihouseレインコート レインウェア 雨具 キッズ 子供 レインコート 可愛い 超軽量 通学 (ヒョウ, M)","新品","0.001","JPY","cubic_meters","JP","2","48.00","365+","24.0"
"2023-07-14T15:00:00+00:00","3I-5YMQ-78CH","X000RKHUDX","B077V547KW","【Smart-KM】T002 韓国enbihouseレインコート レインウェア 雨具 キッズ 子供 レインコート 可愛い 超軽量 通学 (ウマ, XL)","新品","0.001","JPY","cubic_meters","JP","2","48.00","365+","24.0"
"2023-07-14T15:00:00+00:00","O4-KJHQ-JLGU","X000RKHSSP","B07RS97TQ3","[Smart-Bear] T006 レインコート レインウェア 雨具 キッズ 子供 レインコート 可愛い 超軽量 通学 サメ (L, ピンク)","新品","0.0021","JPY","cubic_meters","JP","4","198.00","365+","49.5"
"2023-07-14T15:00:00+00:00","8U-Q7NJ-DRW2","X000RJOS7P","B07RSN6319","[Smart-Bear] W007 子供の靴下 ソックス 夏 メッシュ素材 可愛い お姫様 学生用 通園 通学 男女兼用 吸湿 通気 5足セット (M, 男)","新品","0.001","JPY","cubic_meters","JP","2","46.00","365+","23.0"
"2023-07-14T15:00:00+00:00","8C-6LFJ-DUQM","X000RJORML","B07RTT7GB1","【Smart-Bear】W007 子供の靴下 ソックス 夏 メッシュ素材 可愛い お姫様 学生用 通園 通学 男女兼用 吸湿 通気 5足セット (S, 女)","新品","0.001","JPY","cubic_meters","JP","4","91.00","365+","22.75"
"2023-07-14T15:00:00+00:00","LW-7QAC-4VPC","X000RJN6G9","B07RNDMKL4","[Smart-Bear] W002 子供の靴下 女の子 ソックス メッシュ素材 可愛い お姫様 学生用 通園通学 5足セット (B, s)","新品","8.0E-4","JPY","cubic_meters","JP","6","112.00","365+","18.5"
"2023-07-14T15:00:00+00:00","SC-L11G-UAEX","X000RJJU05","B07RQ4X4HH","[Smart-Bear] T008 レインコート レインウェア 雨具 キッズ 子供 レインコート 可愛い 超軽量 通学 フクロウ 梅花 熊 パイナップル (XXXL, ブルー)","新品","0.0015","JPY","cubic_meters","JP","1","36.00","365+","36.0"
"2023-07-14T15:00:00+00:00","1A-NZX0-PYW2","X000RJJQ4Z","B07RP5SL37","[Smart-Bear] T006 レインコート レインウェア 雨具 キッズ 子供 レインコート 可愛い 超軽量 通学 サメ (M, ピンク)","新品","0.002","JPY","cubic_meters","JP","5","231.00","365+","46.2"
"2023-07-14T15:00:00+00:00","TL-QZQI-IY15","X000RJJQ4P","B07RN54HFC","[Smart-Bear] T006 レインコート レインウェア 雨具 キッズ 子供 レインコート 可愛い 超軽量 通学 サメ (S, ピンク)","新品","0.002","JPY","cubic_meters","JP","7","324.00","365+","46.285714285714285"
"2023-07-14T15:00:00+00:00","LH-V8JE-G68U","X000RJJQ4F","B07RQ4P2QP","[Smart-Bear] T006 レインコート レインウェア 雨具 キッズ 子供 レインコート 可愛い 超軽量 通学 サメ (S, ブルー)","新品","0.002","JPY","cubic_meters","JP","2","24.00","271-365","12.0"
"2023-07-14T15:00:00+00:00","H2-E3RM-NID1","X000RJJNMZ","B07RQ5N9DN","[Smart-Bear] T006 レインコート レインウェア 雨具 キッズ 子供 レインコート 可愛い 超軽量 通学 サメ (XL, ピンク)","新品","0.0021","JPY","cubic_meters","JP","6","295.00","365+","49.0"
"2023-07-14T15:00:00+00:00","87-W2HM-4SWM","X000RJJNMP","B07RTH7YYW","[Smart-Bear] T006 レインコート レインウェア 雨具 キッズ 子供 レインコート 可愛い 超軽量 通学 サメ (XL, ブルー)","新品","0.0021","JPY","cubic_meters","JP","1","49.00","365+","49.0"
"2023-07-14T15:00:00+00:00","92-Y7D9-GO9Q","X000RJ6VAR","B07RTK9R3K","【Smart-Bear】W010 子供の靴下 キッズ 子供 くつした メッシュ 通気防臭 男女兼用 男の子 女の子 可愛い 5足セット (S)","新品","5.0E-4","JPY","cubic_meters","JP","1","12.00","365+","12.0"
"2023-07-14T15:00:00+00:00","8Y-2G1L-L551","X000RJ6QE3","B07RQDTBS5","[Smart-Bear] W002 子供の靴下 女の子 ソックス メッシュ素材 可愛い お姫様 学生用 通園通学 5足セット (B, m)","新品","8.0E-4","JPY","cubic_meters","JP","5","94.00","365+","19.0"
"2023-07-14T15:00:00+00:00","F0-6RN8-7FE6","X000RJ3N3F","B07RS9GFCN","[Smart-Bear] T008 レインコート レインウェア 雨具 キッズ 子供 レインコート 可愛い 超軽量 通学 フクロウ 梅花 熊 パイナップル (XL, ブルー)","新品","0.0015","JPY","cubic_meters","JP","2","72.00","365+","36.0"
"2023-07-14T15:00:00+00:00","GG-3VCR-CTG2","X000RJ3N2L","B07RQ5DN1M","[Smart-Bear] T008 レインコート レインウェア 雨具 キッズ 子供 レインコート 可愛い 超軽量 通学 フクロウ 梅花 熊 パイナップル (S, グリーン)","新品","0.0015","JPY","cubic_meters","JP","2","71.00","365+","35.5"
"2023-07-14T15:00:00+00:00","GX-E4TE-0RFF","X000RJ3M13","B07RQ4D55K","[Smart-Bear] T008 レインコート レインウェア 雨具 キッズ 子供 レインコート 可愛い 超軽量 通学 フクロウ 梅花 熊 パイナップル (XL, グレー)","新品","0.0015","JPY","cubic_meters","JP","2","71.00","365+","35.5"
"2023-07-14T15:00:00+00:00","PR-MQFU-S8KG","X000RJ3LZP","B07RP5F6PR","[Smart-Bear] T008 レインコート レインウェア 雨具 キッズ 子供 レインコート 可愛い 超軽量 通学 フクロウ 梅花 熊 パイナップル (L, グレー)","新品","0.0015","JPY","cubic_meters","JP","2","72.00","365+","36.0"
"2023-07-14T15:00:00+00:00","ST-QL51-1O4P","X000RJ3GXR","B077V15CP2","【Smart-KM】T002 韓国enbihouseレインコート レインウェア 雨具 キッズ 子供 レインコート 可愛い 超軽量 通学 (ヒョウ, XL)","新品","0.001","JPY","cubic_meters","JP","1","24.00","365+","24.0"
"2023-07-14T15:00:00+00:00","VI-FGWQ-U4JQ","X000RJ3GXH","B077TZ5B3P","【Smart-KM】T002 韓国enbihouseレインコート レインウェア 雨具 キッズ 子供 レインコート 可愛い 超軽量 通学 (トリ, M)","新品","0.001","JPY","cubic_meters","JP","2","48.00","365+","24.0"
"2023-07-14T15:00:00+00:00","S9-WMSI-0XRG","X000RJ3G4L","B077V31B1F","【Smart-KM】T002 韓国enbihouseレインコート レインウェア 雨具 キッズ 子供 レインコート 可愛い 超軽量 通学 (ヒョウ, XXL)","新品","0.001","JPY","cubic_meters","JP","3","72.00","365+","24.0"
"2023-07-14T15:00:00+00:00","PX-210E-61XS","X000RJ3G4B","B077TZ9FRY","【Smart-KM】T002 韓国enbihouseレインコート レインウェア 雨具 キッズ 子供 レインコート 可愛い 超軽量 通学 (ウマ, XXL)","新品","0.001","JPY","cubic_meters","JP","3","72.00","365+","24.0"
"2023-07-14T15:00:00+00:00","AE-2JRE-R33N","X000RI8KRF","B077TVGM9Y","【Smart-KM】T002 韓国enbihouseレインコート レインウェア 雨具 キッズ 子供 レインコート 可愛い 超軽量 通学 (ウマ, M)","新品","0.001","JPY","cubic_meters","JP","3","72.00","365+","24.0"
"2023-07-14T15:00:00+00:00","7W-0F9Q-FPBV","X000RI8KR5","B077TVGNYX","【Smart-KM】T002 韓国enbihouseレインコート レインウェア 雨具 キッズ 子供 レインコート 可愛い 超軽量 通学 (トリ, XXL)","新品","0.001","JPY","cubic_meters","JP","3","72.00","365+","24.0"
"2023-07-14T15:00:00+00:00","3L-RKNM-171N","X000RI8KQL","B077V63T99","【Smart-KM】T002 韓国enbihouseレインコート レインウェア 雨具 キッズ 子供 レインコート 可愛い 超軽量 通学 (ペンギン, XXL)","新品","0.001","JPY","cubic_meters","JP","2","48.00","365+","24.0"
"2023-07-14T15:00:00+00:00","YB-YX5P-2VQT","X000RI8J0X","B07RN59781","[Smart-Bear] T006 レインコート レインウェア 雨具 キッズ 子供 レインコート 可愛い 超軽量 通学 サメ (M, グレー)","商品情報がありません","0.002","JPY","cubic_meters","JP","1","46.00","365+","46.0"
"2023-07-14T15:00:00+00:00","X5-LK6D-Y7G3","X000RI8J0D","B07RSBWQL8","[Smart-Bear] T006 レインコート レインウェア 雨具 キッズ 子供 レインコート 可愛い 超軽量 通学 サメ (S, グレー)","新品","0.0021","JPY","cubic_meters","JP","2","99.00","365+","49.5"
