(親) ASIN,(子) ASIN,タイトル,SKU,セッション - 合計,セッション-合計-B2B,セッション率 - 合計,セッション率 - 合計ーB2B,ページビュー - 合計,ページビュー数-合計-B2B,ページビュー率 - 合計,ページビュー率 - 合計‐B2B,おすすめ商品(ショッピングカートボックス)の割合,おすすめ商品(ショッピングカートボックス)の割合 - B2B,注文された商品点数,注文された商品点数 - B2B,ユニットセッション率,ユニットセッション率 - B2B,注文商品売上,注文商品売上-B2B,注文品目総数,注文品目総数 - B2B
B09FZTBV6J,B07C7NS57M,【Smart-KM】S017 網タイツ レース ガーターストッキング ニーハイ セクシー ストッキング レディース 仮装 2点セット (ブラック),JQ-MLRE-AH9L,"2,314",8,14.96%,14.81%,"3,806",12,17.97%,17.91%,28.59%,16.67%,137,1,5.92%,12.50%,"￥74,020",￥718,119,1
B09FZTBV6J,B07C7JX67Y,【Smart-KM】S017 網タイツ レース ガーターストッキング ニーハイ セクシー ストッキング レディース 仮装 2点セット (ホワイト),97-W48L-K89A,592,4,3.83%,7.41%,875,6,4.13%,8.96%,99.77%,100.00%,53,3,8.95%,75.00%,"￥38,054","￥2,154",49,3
B07RSL5RBW,B07RNDQ5S7,【Smart-Bear】W005 子供の靴下 男の子 女の子 ソックス 通園 通学 抗菌 通気性 5足セット (L),8Q-VTYS-YQ5Z,211,1,1.36%,1.85%,254,1,1.20%,1.49%,100.00%,100.00%,37,0,17.54%,0.00%,"￥58,316",￥0,36,0
B0BDGD2NLC,B0BDGHRHQY,【Smart-Bear】E013 スマートフォン用 スマホリング 持ちやすい リングスタンド ホールドリング 落下防止 〇型 丸型 全6色 2点セット (シルバー),ME-ETAE-GQNM,245,0,1.58%,0.00%,390,0,1.84%,0.00%,98.72%,0.00%,27,0,11.02%,0.00%,"￥13,446",￥0,27,0
B07RNDNKNW,B07RRJ3RVV,【Smart-Bear】W003 子供の靴下 立体 可愛い動物柄 通学 通園 キッズ ソックス 女の子 5足セット (S),91-7A3K-7U8I,238,0,1.54%,0.00%,297,0,1.40%,0.00%,91.58%,0.00%,26,0,10.92%,0.00%,"￥35,880",￥0,26,0
B07RNDNKNW,B07RNDMDMY,【Smart-Bear】W003 子供の靴下 立体 可愛い動物柄 通学 通園 キッズ ソックス 女の子 5足セット (M),NR-5Z4P-2YBS,140,0,0.91%,0.00%,202,0,0.95%,0.00%,99.01%,0.00%,23,0,16.43%,0.00%,"￥31,615",￥0,23,0
B09MJJXLC1,B077WKV76K,"【Smart-KM】O021 Fintie Kindle Paperwhite ケース 超薄 軽量 保護カバー オートスリープ機能付き （2012, 2013, 2015,2016バージョン全適応） (深いブルー)",O6-48G1-BEO9,252,1,1.63%,1.85%,471,1,2.22%,1.49%,98.30%,100.00%,22,0,8.73%,0.00%,"￥28,160",￥0,22,0
B08T8G1TXB,B0782N7XDJ,"【Smart-Bear】T004 レインコート レインウェア 雨具 キッズ 子供 レインコート 可愛い 超軽量 通学 (イエロー, S)",FK-SQOE-Y997,164,1,1.06%,1.85%,224,1,1.06%,1.49%,98.21%,100.00%,22,0,13.41%,0.00%,"￥39,160",￥0,22,0
B09FZTBV6J,B09P8SVSXS,【Smart-KM】S017 網タイツ レース ガーターストッキング ニーハイ セクシー ストッキング レディース 仮装 2点セット (三色セットA),N7-DJHE-BRRC,387,2,2.50%,3.70%,522,2,2.46%,2.99%,68.39%,50.00%,20,0,5.17%,0.00%,"￥16,278",￥0,20,0
B07RSL5RBW,B07RRJ5TNV,【Smart-Bear】W005 子供の靴下 男の子 女の子 ソックス 通園 通学 抗菌 通気性 5足セット (M),C8-VY3A-HL06,95,0,0.61%,0.00%,116,0,0.55%,0.00%,98.28%,0.00%,19,0,20.00%,0.00%,"￥30,020",￥0,19,0
B09FZTBV6J,B07C7KGKBH,【Smart-KM】S017 網タイツ レース ガーターストッキング ニーハイ セクシー ストッキング レディース 仮装 2点セット (パープル),HM-5URZ-2K38,306,3,1.98%,5.56%,383,4,1.81%,5.97%,98.96%,100.00%,13,1,4.25%,33.33%,"￥9,334",￥718,13,1
B098MTJ36F,B07RN3T64S,"【Smart-Bear】T010 レインコート レインウェア 雨具 キッズ 子供 レインコート 可愛い 超軽量 通学 フクロウ 雪の女王 Frozen (ピンク, XL)",HU-4C3A-YQ59,132,0,0.85%,0.00%,203,0,0.96%,0.00%,99.51%,0.00%,13,0,9.85%,0.00%,"￥30,940",￥0,13,0
B09FZTBV6J,B09P8V2ZC7,【Smart-KM】S017 網タイツ レース ガーターストッキング ニーハイ セクシー ストッキング レディース 仮装 2点セット (三色セットB),LR-3KLG-FCBD,254,2,1.64%,3.70%,313,3,1.48%,4.48%,96.49%,100.00%,13,0,5.12%,0.00%,"￥11,804",￥0,13,0
B08T8G1TXB,B0782VLBQ7,"【Smart-Bear】T004 レインコート レインウェア 雨具 キッズ 子供 レインコート 可愛い 超軽量 通学 (イエロー, M)",SE-6APE-EDI4,293,0,1.89%,0.00%,359,0,1.69%,0.00%,98.89%,0.00%,12,0,4.10%,0.00%,"￥21,360",￥0,12,0
B09FZTBV6J,B07C76HLX1,【Smart-KM】S017 網タイツ レース ガーターストッキング ニーハイ セクシー ストッキング レディース 仮装 2点セット (ピンク),8Q-579N-RMNK,330,1,2.13%,1.85%,402,1,1.90%,1.49%,99.25%,100.00%,12,0,3.64%,0.00%,"￥8,616",￥0,12,0
B098MTJ36F,B07RP581QF,"【Smart-Bear】T010 レインコート レインウェア 雨具 キッズ 子供 レインコート 可愛い 超軽量 通学 フクロウ 雪の女王 Frozen (ピンク, L)",M5-KPD9-RB5V,74,0,0.48%,0.00%,99,0,0.47%,0.00%,95.96%,0.00%,11,0,14.86%,0.00%,"￥26,180",￥0,11,0
B08RCJ715S,B077VSVXYC,"【Smart-KM】T007 レインコート レインウェア 雨具 キッズ 子供 レインコート 可愛い 超軽量 通学 透明 クリア (ブラック, XL)",M9-CRQJ-1EUU,51,0,0.33%,0.00%,73,0,0.34%,0.00%,98.63%,0.00%,10,0,19.61%,0.00%,"￥13,800",￥0,9,0
B09MJJXLC1,B077WJ3XKY,"【Smart-KM】O021 Fintie Kindle Paperwhite ケース 超薄 軽量 保護カバー オートスリープ機能付き （2012, 2013, 2015,2016バージョン全適応） (ブラック)",6H-040M-0Z6H,130,0,0.84%,0.00%,185,0,0.87%,0.00%,99.46%,0.00%,9,0,6.92%,0.00%,"￥11,520",￥0,9,0
B08T8G1TXB,B0782T4WWX,"【Smart-Bear】T004 レインコート レインウェア 雨具 キッズ 子供 レインコート 可愛い 超軽量 通学 (ピンク, S)",8Y-B81U-KU22,111,0,0.72%,0.00%,139,0,0.66%,0.00%,99.28%,0.00%,9,0,8.11%,0.00%,"￥16,020",￥0,9,0
B09FZTBV6J,B07C7PVL42,【Smart-KM】S017 網タイツ レース ガーターストッキング ニーハイ セクシー ストッキング レディース 仮装 2点セット (レッド),T8-FSOJ-B0V1,262,4,1.69%,7.41%,333,4,1.57%,5.97%,99.40%,100.00%,10,1,3.82%,25.00%,"￥7,180",￥718,9,1
B07RQ89GJH,B07RRD55DH,【Smart-Bear】T101 フード付きタオル 子供用 マントバスタオル ビーチタオル 子ども 超吸収性 赤ちゃんポンチョ 綿 お風呂 プール ベビー 便利 柔らかい コットンバスタオル 鰐 ワニ 一角獣 ユニコーン (ユニコーン),SI-EW2B-SYU1,179,1,1.16%,1.85%,239,2,1.13%,2.99%,98.74%,100.00%,10,0,5.59%,0.00%,"￥19,800",￥0,9,0
B08RCJ715S,B077VYDWWP,"【Smart-KM】T007 レインコート レインウェア 雨具 キッズ 子供 レインコート 可愛い 超軽量 通学 透明 クリア (ホワイト, XXL)",MH-OWU7-QZ6B,51,0,0.33%,0.00%,77,0,0.36%,0.00%,97.40%,0.00%,8,0,15.69%,0.00%,"￥11,840",￥0,8,0
B08T8G1TXB,B0782RGD4B,"【Smart-Bear】T004 レインコート レインウェア 雨具 キッズ 子供 レインコート 可愛い 超軽量 通学 (ピンク, M)",FQ-TZLP-HWK1,99,0,0.64%,0.00%,128,0,0.60%,0.00%,98.44%,0.00%,8,0,8.08%,0.00%,"￥14,240",￥0,8,0
B08RWR6D2N,B07K5RYSRY,"【Smart-KM】T005 レインコート レインウェア 雨具 キッズ 子供 レインコート 可愛い 超軽量 通学 (イエロー, M)",HB-E5PD-U2WL,39,0,0.25%,0.00%,50,0,0.24%,0.00%,94.00%,0.00%,8,0,20.51%,0.00%,"￥14,240",￥0,8,0
B08RCJ715S,B077VWS1WM,"【Smart-KM】T007 レインコート レインウェア 雨具 キッズ 子供 レインコート 可愛い 超軽量 通学 透明 クリア (ブラック, XXL)",6I-0H96-18IA,40,0,0.26%,0.00%,64,0,0.30%,0.00%,100.00%,0.00%,8,0,20.00%,0.00%,"￥11,840",￥0,7,0
B09FZTBV6J,B07C76HMBS,【Smart-KM】S017 網タイツ レース ガーターストッキング ニーハイ セクシー ストッキング レディース 仮装 2点セット(バラ),EC-FOVX-FOBJ,461,2,2.98%,3.70%,550,2,2.60%,2.99%,99.27%,100.00%,8,0,1.74%,0.00%,"￥5,744",￥0,7,0
B07RR93NLC,B07RS9PZVZ,"【Smart-bear】T008 レインコート レインウェア 雨具 キッズ 子供 レインコート 可愛い 超軽量 通学 フクロウ 梅花 熊 パイナップル (XXL, ピンク)",LW-8PD5-8DC1,60,0,0.39%,0.00%,103,0,0.49%,0.00%,97.09%,0.00%,7,0,11.67%,0.00%,"￥15,260",￥0,7,0
B07SY7V58G,B07STZQL61,【Smart-Bear】W101 立体 可愛い動物柄 通学 通園 靴下 キッズ ソックス 女の子 ソックス カラーフル 5足セット (M),IL-1DYL-IXMN,63,0,0.41%,0.00%,83,0,0.39%,0.00%,86.75%,0.00%,7,0,11.11%,0.00%,"￥10,360",￥0,7,0
B09MJJXLC1,B07ZMFZTN4,"【Smart-KM】O021 Fintie Kindle Paperwhite ケース 超薄 軽量 保護カバー オートスリープ機能付き （2012, 2013, 2015,2016バージョン全適応） (パープル)",D5-BQDA-9KSD,89,0,0.58%,0.00%,119,0,0.56%,0.00%,97.48%,0.00%,7,0,7.87%,0.00%,"￥8,960",￥0,7,0
B089WG6H1P,B089WGPBWW,"[Smart-Bear] T306 キッズ レインブーツ レインシューズ 子供用 長靴 男の子 女の子 雨靴 ゴム長靴 滑り止め 通園・通学・アウトドア遊び用 完全防水 雪遊び 滑りにくい 梅雨対策 プルハンドル付き (サメ柄, measurement_18_point_5_centimeters)",N4-FJS5-AX0C,46,0,0.30%,0.00%,59,0,0.28%,0.00%,96.61%,0.00%,7,0,15.22%,0.00%,"￥19,460",￥0,7,0
B0BDGD2NLC,B0BDGFS6LP,【Smart-Bear】E013 スマートフォン用 スマホリング 持ちやすい リングスタンド ホールドリング 落下防止 〇型 丸型 全6色 2点セット (シャンペン),R7-7LQK-MVQ3,330,0,2.13%,0.00%,513,0,2.42%,0.00%,99.81%,0.00%,7,0,2.12%,0.00%,"￥3,486",￥0,7,0
B08T8G1TXB,B0782TQTTP,"【Smart-Bear】T004 レインコート レインウェア 雨具 キッズ 子供 レインコート 可愛い 超軽量 通学 (ブルー, S)",U2-MUDQ-N4ZK,129,0,0.83%,0.00%,163,0,0.77%,0.00%,98.16%,0.00%,6,0,4.65%,0.00%,"￥10,680",￥0,6,0
B09FZY5DQZ,B07F84V2FX,【Smart-KM】A134 ファーウェイ Huawei P10/Huawei P10 lite/Huawei P10 Plus/honor 9対応 ケース 透明 クリアケース スマホケース 高機能 シリコン 超薄型 0.8mm 超軽量 防指紋 耐衝撃 (P10 lite),WO-V9HK-H27X,63,1,0.41%,1.85%,84,1,0.40%,1.49%,100.00%,100.00%,6,0,9.52%,0.00%,"￥1,788",￥0,6,0
B098MTJ36F,B07RP6Q7SK,"【Smart-Bear】T010 レインコート レインウェア 雨具 キッズ 子供 レインコート 可愛い 超軽量 通学 フクロウ 雪の女王 Frozen (ピンク, XXL)",L7-WXI9-AW9P,37,0,0.24%,0.00%,41,0,0.19%,0.00%,87.80%,0.00%,6,0,16.22%,0.00%,"￥14,280",￥0,6,0
B089WG6H1P,B089WGW78M,"[Smart-Bear] T306 キッズ レインブーツ レインシューズ 子供用 長靴 男の子 女の子 雨靴 ゴム長靴 滑り止め 通園・通学・アウトドア遊び用 完全防水 雪遊び 滑りにくい 梅雨対策 プルハンドル付き (サメ柄, measurement_20_point_0_centimeters)",EV-5CEC-EMJP,66,0,0.43%,0.00%,91,0,0.43%,0.00%,95.60%,0.00%,6,0,9.09%,0.00%,"￥16,680",￥0,6,0
B07ZDF69MF,B09NJD697S,"【Smart-Bear】P002 キッズ服 Tシャツ ズボン 男の子 女の子 パジャマ 前開きキッズ 部屋着 寝間着ルームウェア ホームサービス ベビー 長袖 ボタン トップス ショートパンツ 上下セット服 子供 春 秋 冬 七五三 誕生日 新年 (110cm, ブルー恐竜柄)",EO-0LNC-NHMG,44,0,0.28%,0.00%,53,0,0.25%,0.00%,96.23%,0.00%,6,0,13.64%,0.00%,"￥15,480",￥0,6,0
B08RCJ715S,B077VSSFGH,"【Smart-KM】T007 レインコート レインウェア 雨具 キッズ 子供 レインコート 可愛い 超軽量 通学 透明 クリア (ブラック, S)",B1-V2N2-J8BN,154,0,1.00%,0.00%,198,0,0.93%,0.00%,95.45%,0.00%,5,0,3.25%,0.00%,"￥6,900",￥0,5,0
B07RR93NLC,B07RN3R4CY,"【Smart-bear】T008 レインコート レインウェア 雨具 キッズ 子供 レインコート 可愛い 超軽量 通学 フクロウ 梅花 熊 パイナップル (XL, ピンク)",FN-VIR3-GDHQ,48,0,0.31%,0.00%,64,0,0.30%,0.00%,100.00%,0.00%,5,0,10.42%,0.00%,"￥10,900",￥0,5,0
B07SSFC3WR,B07STH5GK7,"【Smart-Bear】T003 レインコート レインウェア 雨具 キッズ 子供 レインコート 可愛い 超軽量 通学 リュック対応 トリ 果物 花柄 (S, ピンク)",EM-GSK7-J02B,98,0,0.63%,0.00%,111,0,0.52%,0.00%,99.10%,0.00%,5,0,5.10%,0.00%,"￥9,900",￥0,5,0
B089WG6H1P,B089WHXT1Z,"[Smart-Bear] T306 キッズ レインブーツ レインシューズ 子供用 長靴 男の子 女の子 雨靴 ゴム長靴 滑り止め 通園・通学・アウトドア遊び用 完全防水 雪遊び 滑りにくい 梅雨対策 プルハンドル付き (サメ柄, measurement_17_point_0_centimeters)",SN-NFFV-BYW0,97,0,0.63%,0.00%,126,0,0.59%,0.00%,97.62%,0.00%,5,0,5.15%,0.00%,"￥13,900",￥0,5,0
B088D9W4WQ,B09QHVNT46,"【Smart-Bear】W022 可愛い キッズ 子供 靴下 ソックス 豚 パンダ 動物柄 くるぶし ジュニア 通気 メッシュ くつした 男の子 女の子 ソックス 綿 5足セット (動物柄, XL:18〜21cm(8-11歳))",47-P9CG-5ZX5,6,0,0.04%,0.00%,9,0,0.04%,0.00%,100.00%,0.00%,5,0,83.33%,0.00%,"￥6,400",￥0,5,0
B09NK3QSSH,B075HLBJ6C,【Smart-KM】 E015 スマートフォン用 スマホリング 持ちやすい リングスタンド ホールドリング 落下防止 星型 ☆型 スター型 (ブラック),R2-MSJY-7BCU,61,0,0.39%,0.00%,91,0,0.43%,0.00%,98.90%,0.00%,4,0,6.56%,0.00%,"￥1,592",￥0,4,0
B08RCJ715S,B077VSSXJX,"【Smart-KM】T007 レインコート レインウェア 雨具 キッズ 子供 レインコート 可愛い 超軽量 通学 透明 クリア (ホワイト, M)",O5-VCC0-95D9,18,0,0.12%,0.00%,25,0,0.12%,0.00%,96.00%,0.00%,4,0,22.22%,0.00%,"￥5,520",￥0,4,0
B08RCJ715S,B077VTPBC2,"【Smart-KM】T007 レインコート レインウェア 雨具 キッズ 子供 レインコート 可愛い 超軽量 通学 透明 クリア (ブラック, M)",PK-LF7F-7NQF,32,0,0.21%,0.00%,47,0,0.22%,0.00%,100.00%,0.00%,4,0,12.50%,0.00%,"￥5,520",￥0,4,0
B08RCJ715S,B077VVKF43,"【Smart-KM】T007 レインコート レインウェア 雨具 キッズ 子供 レインコート 可愛い 超軽量 通学 透明 クリア (ブラック, L)",ML-8QBG-3WLZ,31,0,0.20%,0.00%,41,0,0.19%,0.00%,100.00%,0.00%,4,0,12.90%,0.00%,"￥5,520",￥0,4,0
B08RWR6D2N,B07K5QMCP2,"【Smart-KM】T005 レインコート レインウェア 雨具 キッズ 子供 レインコート 可愛い 超軽量 通学 (イエロー, S)",EQ-E9S7-QXE3,89,0,0.58%,0.00%,117,0,0.55%,0.00%,95.73%,0.00%,4,0,4.49%,0.00%,"￥7,120",￥0,4,0
B098MTJ36F,B07RP5YSYZ,"【Smart-Bear】T010 レインコート レインウェア 雨具 キッズ 子供 レインコート 可愛い 超軽量 通学 フクロウ 雪の女王 Frozen (ピンク, M)",KH-0RZG-S1GO,32,0,0.21%,0.00%,38,0,0.18%,0.00%,94.74%,0.00%,5,0,15.63%,0.00%,"￥11,900",￥0,4,0
B07SY7V58G,B07SV1BD6S,【Smart-Bear】W101 立体 可愛い動物柄 通学 通園 靴下 キッズ ソックス 女の子 ソックス カラーフル 5足セット (L),M9-RIG5-DRKF,25,0,0.16%,0.00%,37,0,0.17%,0.00%,100.00%,0.00%,4,0,16.00%,0.00%,"￥5,920",￥0,4,0
B07SSFC3WR,B07SXQV8NQ,"【Smart-Bear】T003 レインコート レインウェア 雨具 キッズ 子供 レインコート 可愛い 超軽量 通学 リュック対応 トリ 果物 花柄 (L, ピンク)",D3-A97R-HYD6,15,0,0.10%,0.00%,24,0,0.11%,0.00%,95.83%,0.00%,4,0,26.67%,0.00%,"￥7,920",￥0,4,0
B089YBYJDT,B089Y5BKR6,"[Smart-Bear] T308 キッズ レインブーツ レインシューズ 子供用 長靴 男の子 女の子 雨靴 ゴム長靴 滑り止め 通園・通学・アウトドア遊び用 完全防水 雪遊び 滑りにくい 梅雨対策 (グリーン, measurement_21_point_0_centimeters)",HI-AN83-A4ZL,31,0,0.20%,0.00%,40,0,0.19%,0.00%,100.00%,0.00%,4,0,12.90%,0.00%,"￥10,320",￥0,4,0
B0983F4FP1,B09837JSYS,"[Smart-Bear] T309 キッズ レインブーツ レインシューズ 子供用 長靴 男の子 女の子 雨靴 ゴム長靴 滑り止め 通園・通学・アウトドア遊び用 完全防水 雪遊び 滑りにくい 梅雨対策 プルハンドル付き (イエロー, measurement_21_point_0_centimeters)",9G-33E6-R3JX,10,0,0.06%,0.00%,11,0,0.05%,0.00%,100.00%,0.00%,4,0,40.00%,0.00%,"￥10,320",￥0,4,0
B08T8G1TXB,B098DVR5NR,"【Smart-Bear】T004 レインコート レインウェア 雨具 キッズ 子供 レインコート 可愛い 超軽量 通学 (イエロー, XL)",7K-1BQC-2KED,11,0,0.07%,0.00%,15,0,0.07%,0.00%,73.33%,0.00%,4,0,36.36%,0.00%,"￥7,120",￥0,4,0
B089YBYJDT,B098DWTGXY,"[Smart-Bear] T308 キッズ レインブーツ レインシューズ 子供用 長靴 男の子 女の子 雨靴 ゴム長靴 滑り止め 通園・通学・アウトドア遊び用 完全防水 雪遊び 滑りにくい 梅雨対策 (グリーン, measurement_22_point_5_centimeters)",28-JBW4-RJOM,17,0,0.11%,0.00%,32,0,0.15%,0.00%,100.00%,0.00%,4,0,23.53%,0.00%,"￥10,320",￥0,4,0
B07ZDF69MF,B09NJBRDCD,"【Smart-Bear】P002 キッズ服 Tシャツ ズボン 男の子 女の子 パジャマ 前開きキッズ 部屋着 寝間着ルームウェア ホームサービス ベビー 長袖 ボタン トップス ショートパンツ 上下セット服 子供 春 秋 冬 七五三 誕生日 新年 (110cm, ウサギ柄)",1M-UAV8-BEOV,14,0,0.09%,0.00%,23,0,0.11%,0.00%,82.61%,0.00%,4,0,28.57%,0.00%,"￥10,320",￥0,4,0
B07ZDF69MF,B09NJF2HY6,"【Smart-Bear】P002 キッズ服 Tシャツ ズボン 男の子 女の子 パジャマ 前開きキッズ 部屋着 寝間着ルームウェア ホームサービス ベビー 長袖 ボタン トップス ショートパンツ 上下セット服 子供 春 秋 冬 七五三 誕生日 新年 (100cm, ブルー恐竜柄)",A1-QYHS-GTNN,34,0,0.22%,0.00%,41,0,0.19%,0.00%,97.56%,0.00%,4,0,11.76%,0.00%,"￥10,320",￥0,4,0
B0BDGD2NLC,B0BDGJ8YGC,【Smart-Bear】E013 スマートフォン用 スマホリング 持ちやすい リングスタンド ホールドリング 落下防止 〇型 丸型 全6色 2点セット (ブラック),E3-Y1I9-YMMX,270,0,1.75%,0.00%,341,0,1.61%,0.00%,99.71%,0.00%,4,0,1.48%,0.00%,"￥1,992",￥0,4,0
B08RCJ715S,B077VSN4H6,"【Smart-KM】T007 レインコート レインウェア 雨具 キッズ 子供 レインコート 可愛い 超軽量 通学 透明 クリア (ホワイト, L)",YV-GX4F-U1JK,48,0,0.31%,0.00%,58,0,0.27%,0.00%,96.55%,0.00%,3,0,6.25%,0.00%,"￥4,140",￥0,3,0
B08T8G1TXB,B0782YMNPM,"【Smart-Bear】T004 レインコート レインウェア 雨具 キッズ 子供 レインコート 可愛い 超軽量 通学 (ブルー, M)",22-BGZI-G4D5,56,0,0.36%,0.00%,64,0,0.30%,0.00%,98.44%,0.00%,3,0,5.36%,0.00%,"￥5,340",￥0,3,0
B09G14G44F,B078CQTFVB,【Smart-KM】E016 スマートフォン用 スマホリング 持ちやすい リングスタンド ホールドリング 落下防止 薄型 スタンド機能 車載ホルダー 360回転 (ゴールド),NO-1LUF-FKZC,6,0,0.04%,0.00%,8,0,0.04%,0.00%,100.00%,0.00%,3,0,50.00%,0.00%,"￥1,794",￥0,3,0
B09FZY5DQZ,B07F853C5Z,【Smart-KM】A134 ファーウェイ Huawei P10/Huawei P10 lite/Huawei P10 Plus/honor 9対応 ケース 透明 クリアケース スマホケース 高機能 シリコン 超薄型 0.8mm 超軽量 防指紋 耐衝撃 (Mate 10 Pro),U7-A3GW-AF6H,16,0,0.10%,0.00%,22,0,0.10%,0.00%,100.00%,0.00%,3,0,18.75%,0.00%,￥894,￥0,3,0
B09FZY5DQZ,B07F867MKG,【Smart-KM】A134 ファーウェイ Huawei P10/Huawei P10 lite/Huawei P10 Plus/honor 9対応 ケース 透明 クリアケース スマホケース 高機能 シリコン 超薄型 0.8mm 超軽量 防指紋 耐衝撃 (P10),T0-GEBV-U0AN,28,0,0.18%,0.00%,31,0,0.15%,0.00%,93.55%,0.00%,3,0,10.71%,0.00%,￥894,￥0,3,0
B08RWR6D2N,B07K5SNL5L,"【Smart-KM】T005 レインコート レインウェア 雨具 キッズ 子供 レインコート 可愛い 超軽量 通学 (ブルー, XXL)",94-5N7D-MKR8,18,0,0.12%,0.00%,25,0,0.12%,0.00%,92.00%,0.00%,3,0,16.67%,0.00%,"￥5,940",￥0,3,0
B09SBBTQ71,B07KQ15QTS, ,TW-6NA5-U2QX,49,0,0.32%,0.00%,81,0,0.38%,0.00%,100.00%,0.00%,3,0,6.12%,0.00%,"￥1,284",￥0,3,0
B098MTJ36F,B07RN46T9J,"【Smart-Bear】T010 レインコート レインウェア 雨具 キッズ 子供 レインコート 可愛い 超軽量 通学 フクロウ 雪の女王 Frozen (ブルー, XXL)",LU-ZKNB-TZVQ,22,0,0.14%,0.00%,34,0,0.16%,0.00%,73.53%,0.00%,3,0,13.64%,0.00%,"￥7,140",￥0,3,0
B07RR93NLC,B07RN5DNXS,"【Smart-bear】T008 レインコート レインウェア 雨具 キッズ 子供 レインコート 可愛い 超軽量 通学 フクロウ 梅花 熊 パイナップル (XXXL, ピンク)",F6-ONE1-992E,39,0,0.25%,0.00%,51,0,0.24%,0.00%,90.20%,0.00%,4,0,10.26%,0.00%,"￥8,720",￥0,3,0
B07RSL5RBW,B07RRJ2MLN,【Smart-Bear】W005 子供の靴下 男の子 女の子 ソックス 通園 通学 抗菌 通気性 5足セット (S),QU-WN46-REY2,51,0,0.33%,0.00%,59,0,0.28%,0.00%,81.36%,0.00%,3,0,5.88%,0.00%,"￥4,740",￥0,3,0
B07S4K7DXF,B07S4K7DXF,【Smart-KM】C034 ミニ充電器 アップルウォッチ充電器 置くだけ充電パッド 急速充電対応 Wireless PowerPort ワイヤレスチャージャー アップルウォッチ Apple iWatch シリーズ 4/3/2/1全対応 (白),IR-I1X3-ET6M,53,1,0.34%,1.85%,64,1,0.30%,1.49%,100.00%,100.00%,4,0,7.55%,0.00%,"￥3,996",￥0,3,0
B07SR6GSLT,B07SR6GSLT,【Smart-KM】G022 モニター台 机上台 モニタースタンド 4 USBポート付き キーボード収納 アルミ合金製ブラケット デスク 卓上 収納整理 便利,JC-9CLM-Q8BL,175,2,1.13%,3.70%,222,3,1.05%,4.48%,100.00%,100.00%,3,0,1.71%,0.00%,"￥8,940",￥0,3,0
B07Z8R55X7,B07Z8QMKPJ,"【Smart-Bear】W109 ガールズハイソックス ソックス ベビー 幼児用 キッズ 子供 通学 通園 靴下 可愛い 動物柄 ヨット柄 女の子 男の子 スポーツ くつした 秋 冬 5足セット (動物柄, S: 10～13cm(1-3歳))",WU-UT4G-81B4,38,0,0.25%,0.00%,50,0,0.24%,0.00%,92.00%,0.00%,3,0,7.89%,0.00%,"￥4,140",￥0,3,0
B089WG6H1P,B089WH8GWJ,"[Smart-Bear] T306 キッズ レインブーツ レインシューズ 子供用 長靴 男の子 女の子 雨靴 ゴム長靴 滑り止め 通園・通学・アウトドア遊び用 完全防水 雪遊び 滑りにくい 梅雨対策 プルハンドル付き (サメ柄, measurement_21_point_0_centimeters)",XA-MQVG-UFQV,18,0,0.12%,0.00%,29,0,0.14%,0.00%,51.72%,0.00%,3,0,16.67%,0.00%,"￥8,340",￥0,3,0
B089WG6H1P,B089WHLQGT,"[Smart-Bear] T306 キッズ レインブーツ レインシューズ 子供用 長靴 男の子 女の子 雨靴 ゴム長靴 滑り止め 通園・通学・アウトドア遊び用 完全防水 雪遊び 滑りにくい 梅雨対策 プルハンドル付き (サメ柄, measurement_16_point_0_centimeters)",EW-TDOM-26PY,21,0,0.14%,0.00%,39,0,0.18%,0.00%,94.87%,0.00%,3,0,14.29%,0.00%,"￥8,340",￥0,3,0
B089WG6H1P,B08GGBQGFP,"[Smart-Bear] T306 キッズ レインブーツ レインシューズ 子供用 長靴 男の子 女の子 雨靴 ゴム長靴 滑り止め 通園・通学・アウトドア遊び用 完全防水 雪遊び 滑りにくい 梅雨対策 プルハンドル付き (恐竜柄, measurement_20_point_0_centimeters)",C7-0SVD-ARIO,212,0,1.37%,0.00%,256,0,1.21%,0.00%,97.27%,0.00%,3,0,1.42%,0.00%,"￥8,340",￥0,3,0
B0BB3FPBY2,B093G83MXN,"【Smart-Bear】W401 赤ちゃん 膝当て 二ーパッド 出産祝い 滑り止め 柔らか 膝サポーター 怪我防止 メッシュ 通気 可愛い柄 2色セット (2組セット, ライオン2色セット)",DH-BSJW-QLKQ,36,0,0.23%,0.00%,55,0,0.26%,0.00%,98.18%,0.00%,3,0,8.33%,0.00%,"￥3,840",￥0,3,0
B07ZDF69MF,B09N2R39T8,"【Smart-Bear】P002 キッズ服 Tシャツ ズボン 男の子 女の子 パジャマ 前開きキッズ 部屋着 寝間着ルームウェア ホームサービス ベビー 長袖 ボタン トップス ショートパンツ 上下セット服 子供 春 秋 冬 七五三 誕生日 新年 (120cm, パンダ柄)",ZG-5AI3-DLD9,37,1,0.24%,1.85%,45,1,0.21%,1.49%,91.11%,100.00%,3,0,8.11%,0.00%,"￥7,740",￥0,3,0
B088D9W4WQ,B09QHW3DXH,"【Smart-Bear】W022 可愛い キッズ 子供 靴下 ソックス 豚 パンダ 動物柄 くるぶし ジュニア 通気 メッシュ くつした 男の子 女の子 ソックス 綿 5足セット (動物柄, L:15〜18cm(5-7歳))",6P-O9LV-C5GR,6,0,0.04%,0.00%,7,0,0.03%,0.00%,100.00%,0.00%,3,0,50.00%,0.00%,"￥3,840",￥0,3,0
B0BDGD2NLC,B0BDGFTPYW,【Smart-Bear】E013 スマートフォン用 スマホリング 持ちやすい リングスタンド ホールドリング 落下防止 〇型 丸型 全6色 2点セット (ゴールド),KC-8ZTI-64WH,360,0,2.33%,0.00%,626,0,2.96%,0.00%,99.84%,0.00%,3,0,0.83%,0.00%,"￥1,494",￥0,3,0
B075FWY281,B075FWY281,【Smart-KM】E012 スマートフォン用 スマホリング 持ちやすい リングスタンド ホールドリング 落下防止 ネコ型 猫型 全11色 (ブルー),AP-2YQN-JN2I,7,0,0.05%,0.00%,9,0,0.04%,0.00%,100.00%,0.00%,2,0,28.57%,0.00%,￥796,￥0,2,0
B09NK3QSSH,B075HKDBLX,【Smart-KM】 E015 スマートフォン用 スマホリング 持ちやすい リングスタンド ホールドリング 落下防止 星型 ☆型 スター型 (ゴールド),7Y-BBJC-HSZ5,29,0,0.19%,0.00%,34,0,0.16%,0.00%,100.00%,0.00%,2,0,6.90%,0.00%,￥796,￥0,2,0
B09NK3QSSH,B075HLL1FN,【Smart-KM】 E015 スマートフォン用 スマホリング 持ちやすい リングスタンド ホールドリング 落下防止 星型 ☆型 スター型 (シルバー),QM-VZZN-MPA1,42,0,0.27%,0.00%,46,0,0.22%,0.00%,97.83%,0.00%,2,0,4.76%,0.00%,￥796,￥0,2,0
B08RCJ715S,B0785671P8,"【Smart-KM】T007 レインコート レインウェア 雨具 キッズ 子供 レインコート 可愛い 超軽量 通学 透明 クリア (ホワイト, S)",EV-TGZ8-084V,130,0,0.84%,0.00%,155,0,0.73%,0.00%,97.42%,0.00%,2,0,1.54%,0.00%,"￥2,960",￥0,2,0
B08T8G1TXB,B0786KYY7Y,"【Smart-Bear】T004 レインコート レインウェア 雨具 キッズ 子供 レインコート 可愛い 超軽量 通学 (イエロー, L)",53-C8NZ-UF4D,27,0,0.17%,0.00%,34,0,0.16%,0.00%,88.24%,0.00%,2,0,7.41%,0.00%,"￥3,560",￥0,2,0
B079D8B6MB,B079D8B6MB,【Smart-KM】 E011 スマートフォン用 スマホリング 持ちやすい リングスタンド ホールドリング 落下防止 熊型 クマ型 (シルバー),AE-JUFV-NCYO,15,0,0.10%,0.00%,18,0,0.08%,0.00%,100.00%,0.00%,2,0,13.33%,0.00%,"￥1,196",￥0,2,0
B09FZYLPPN,B07F7MYFKZ,【Smart-KM】A131 サムスンギャラクシー S8 S8+ S8 Plus S9 S9+ Note 8対応 ケース 透明 クリアケース スマホケース 高機能 シリコン 超薄型 0.8mm 超軽量 防指紋 耐衝撃 (S9),VO-S3QE-R9I5,12,0,0.08%,0.00%,16,0,0.08%,0.00%,100.00%,0.00%,2,0,16.67%,0.00%,￥636,￥0,2,0
B09FZYLPPN,B07F7P2JWC,【Smart-KM】A131 サムスンギャラクシー S8 S8+ S8 Plus S9 S9+ Note 8対応 ケース 透明 クリアケース スマホケース 高機能 シリコン 超薄型 0.8mm 超軽量 防指紋 耐衝撃 (S9+),MS-UPHH-GB7X,23,1,0.15%,1.85%,31,2,0.15%,2.99%,90.32%,100.00%,2,0,8.70%,0.00%,￥636,￥0,2,0
B08RWR6D2N,B07K5SBZLJ,"【Smart-KM】T005 レインコート レインウェア 雨具 キッズ 子供 レインコート 可愛い 超軽量 通学 (ブルー, L)",E5-S2IA-ES96,26,0,0.17%,0.00%,33,0,0.16%,0.00%,100.00%,0.00%,2,0,7.69%,0.00%,"￥3,560",￥0,2,0
B07RR93NLC,B07RN5DSBD,"【Smart-bear】T008 レインコート レインウェア 雨具 キッズ 子供 レインコート 可愛い 超軽量 通学 フクロウ 梅花 熊 パイナップル (S, ピンク)",9W-LC9N-P0NQ,219,0,1.42%,0.00%,267,0,1.26%,0.00%,98.50%,0.00%,2,0,0.91%,0.00%,"￥4,360",￥0,2,0
B07RNDNKNW,B07RNDP5VC,【Smart-Bear】W003 子供の靴下 立体 可愛い動物柄 通学 通園 キッズ ソックス 女の子 5足セット (L),3T-Y9S7-7048,89,0,0.58%,0.00%,104,0,0.49%,0.00%,48.08%,0.00%,2,0,2.25%,0.00%,"￥2,760",￥0,2,0
B07RN4L831,B07RP5CMMY,【Smart-Bear】T009 レインコート レインウェア 雨具 キッズ 子供 レインコート 可愛い 超軽量 通学 フクロウ 小さな恐竜 (L),TW-JZWW-KQAK,3,0,0.02%,0.00%,6,0,0.03%,0.00%,100.00%,0.00%,2,0,66.67%,0.00%,"￥3,360",￥0,2,0
B07RR93NLC,B07RP5RVVV,"【Smart-Bear】T008 レインコート レインウェア 雨具 キッズ 子供 レインコート 可愛い 超軽量 通学 フクロウ 梅花 熊 パイナップル (M, ピンク)",AF-0BOJ-58FU,41,0,0.27%,0.00%,54,0,0.25%,0.00%,98.15%,0.00%,2,0,4.88%,0.00%,"￥4,360",￥0,2,0
B07RSB43W3,B07RP6WZZR,"【Smart-bear】T006 レインコート レインウェア 雨具 キッズ 子供 レインコート 可愛い 超軽量 通学 サメ (L, ブルー)",TG-10BG-Z2R9,10,0,0.06%,0.00%,21,0,0.10%,0.00%,95.24%,0.00%,2,0,20.00%,0.00%,"￥4,760",￥0,2,0
B07RSB43W3,B07RQ4P2QP,"【Smart-bear】T006 レインコート レインウェア 雨具 キッズ 子供 レインコート 可愛い 超軽量 通学 サメ (S, ブルー)",LH-V8JE-G68U,12,0,0.08%,0.00%,14,0,0.07%,0.00%,92.86%,0.00%,2,0,16.67%,0.00%,"￥4,760",￥0,2,0
B098MTJ36F,B07RQ4V5TL,"【Smart-Bear】T010 レインコート レインウェア 雨具 キッズ 子供 レインコート 可愛い 超軽量 通学 フクロウ 雪の女王 Frozen (ピンク, S)",D7-IW96-J4L1,91,0,0.59%,0.00%,114,0,0.54%,0.00%,95.61%,0.00%,2,0,2.20%,0.00%,"￥4,760",￥0,2,0
B07RR93NLC,B07RQ5RH2Y,"【Smart-bear】T008 レインコート レインウェア 雨具 キッズ 子供 レインコート 可愛い 超軽量 通学 フクロウ 梅花 熊 パイナップル (XL, グリーン)",F2-12TH-TN4S,19,0,0.12%,0.00%,25,0,0.12%,0.00%,100.00%,0.00%,2,0,10.53%,0.00%,"￥4,360",￥0,2,0
B07RR93NLC,B07RQ5TWY8,"【Smart-bear】T008 レインコート レインウェア 雨具 キッズ 子供 レインコート 可愛い 超軽量 通学 フクロウ 梅花 熊 パイナップル (L, ピンク)",LV-LGP7-RH5F,50,0,0.32%,0.00%,67,0,0.32%,0.00%,92.54%,0.00%,2,0,4.00%,0.00%,"￥4,360",￥0,2,0
B098MTJ36F,B07RR6Y96L,"【Smart-Bear】T010 レインコート レインウェア 雨具 キッズ 子供 レインコート 可愛い 超軽量 通学 フクロウ 雪の女王 Frozen (ブルー, L)",F4-DJYL-ZFI7,43,0,0.28%,0.00%,54,0,0.25%,0.00%,94.44%,0.00%,2,0,4.65%,0.00%,"￥4,760",￥0,2,0
B07RR93NLC,B07RR6YYFZ,"【Smart-Bear】T008 レインコート レインウェア 雨具 キッズ 子供 レインコート 可愛い 超軽量 通学 フクロウ 梅花 熊 パイナップル (XXL, グレー)",LQ-0N26-JIVF,26,0,0.17%,0.00%,34,0,0.16%,0.00%,94.12%,0.00%,2,0,7.69%,0.00%,"￥4,360",￥0,2,0
B07RSB43W3,B07RR71B1P,"【Smart-bear】T006 レインコート レインウェア 雨具 キッズ 子供 レインコート 可愛い 超軽量 通学 サメ (L, グレー)",2T-HEXS-COB6,5,0,0.03%,0.00%,7,0,0.03%,0.00%,100.00%,0.00%,2,0,40.00%,0.00%,"￥4,760",￥0,2,0
B07RQDZ4G7,B07RSL86XB,【Smart-Bear】W010 子供の靴下 キッズ 子供 くつした メッシュ 通気防臭 男女兼用 男の子 女の子 可愛い 6足セット (M),4A-DTGP-MQP7,8,0,0.05%,0.00%,10,0,0.05%,0.00%,100.00%,0.00%,2,0,25.00%,0.00%,"￥2,760",￥0,2,0
B098MTJ36F,B07RTGGKQP,"【Smart-Bear】T010 レインコート レインウェア 雨具 キッズ 子供 レインコート 可愛い 超軽量 通学 フクロウ 雪の女王 Frozen (ブルー, M)",H3-D2Y7-HO7V,15,0,0.10%,0.00%,16,0,0.08%,0.00%,100.00%,0.00%,2,0,13.33%,0.00%,"￥4,760",￥0,2,0
B098MTJ36F,B07RTHQ2KZ,"【Smart-Bear】T010 レインコート レインウェア 雨具 キッズ 子供 レインコート 可愛い 超軽量 通学 フクロウ 雪の女王 Frozen (ブルー, XL)",DU-P06F-VJBB,19,0,0.12%,0.00%,32,0,0.15%,0.00%,100.00%,0.00%,2,0,10.53%,0.00%,"￥4,760",￥0,2,0
B07SSFC3WR,B07SRFJ9NM,"【Smart-Bear】T003 レインコート レインウェア 雨具 キッズ 子供 レインコート 可愛い 超軽量 通学 リュック対応 トリ 果物 花柄 (M, イエロー)",DT-RMBK-MVUT,29,0,0.19%,0.00%,52,0,0.25%,0.00%,100.00%,0.00%,2,0,6.90%,0.00%,"￥3,960",￥0,2,0
B07SSFC3WR,B07SSDVJYF,"【Smart-Bear】T003 レインコート レインウェア 雨具 キッズ 子供 レインコート 可愛い 超軽量 通学 リュック対応 トリ 果物 花柄 (XXL, ピンク)",CR-UG42-OR8Z,11,0,0.07%,0.00%,14,0,0.07%,0.00%,100.00%,0.00%,2,0,18.18%,0.00%,"￥3,960",￥0,2,0
B07SSFC3WR,B07SSJJQY6,"【Smart-Bear】T003 レインコート レインウェア 雨具 キッズ 子供 レインコート 可愛い 超軽量 通学 リュック対応 トリ 果物 花柄 (XXXL, イエロー)",70-ZTNW-C5FQ,10,0,0.06%,0.00%,19,0,0.09%,0.00%,89.47%,0.00%,2,0,20.00%,0.00%,"￥3,960",￥0,2,0
B07SSFC3WR,B07SWQ5NN2,"【Smart-Bear】T003 レインコート レインウェア 雨具 キッズ 子供 レインコート 可愛い 超軽量 通学 リュック対応 トリ 果物 花柄 (XXL, イエロー)",UJ-OP0B-GO35,9,0,0.06%,0.00%,13,0,0.06%,0.00%,100.00%,0.00%,2,0,22.22%,0.00%,"￥3,760",￥0,2,0
B07SSFC3WR,B07SXR9R43,"【Smart-Bear】T003 レインコート レインウェア 雨具 キッズ 子供 レインコート 可愛い 超軽量 通学 リュック対応 トリ 果物 花柄 (L, イエロー)",ZF-2SU1-0BTA,16,0,0.10%,0.00%,26,0,0.12%,0.00%,100.00%,0.00%,2,0,12.50%,0.00%,"￥3,960",￥0,2,0
B07Z8R55X7,B07Z8RB2PC,"【Smart-Bear】W109 ガールズハイソックス ソックス ベビー 幼児用 キッズ 子供 通学 通園 靴下 可愛い 動物柄 ヨット柄 女の子 男の子 スポーツ くつした 秋 冬 5足セット (動物柄, L: 15～18cm(5-7歳))",GW-0E0B-4VOQ,4,0,0.03%,0.00%,4,0,0.02%,0.00%,100.00%,0.00%,2,0,50.00%,0.00%,"￥2,760",￥0,2,0
B07ZDF69MF,B07ZD961DN,"【Smart-Bear】P002 キッズ服 Tシャツ ズボン 男の子 女の子 パジャマ 前開きキッズ 部屋着 寝間着ルームウェア ホームサービス ベビー 長袖 ボタン トップス ショートパンツ 上下セット服 子供 春 秋 冬 七五三 誕生日 新年 (90cm, オレンジ鹿)",BF-WQP4-AD1S,112,0,0.72%,0.00%,146,0,0.69%,0.00%,99.32%,0.00%,2,0,1.79%,0.00%,"￥5,160",￥0,2,0
B07ZDF69MF,B07ZDD4DSM,"【Smart-Bear】P002 キッズ服 Tシャツ ズボン 男の子 女の子 パジャマ 前開きキッズ 部屋着 寝間着ルームウェア ホームサービス ベビー 長袖 ボタン トップス ショートパンツ 上下セット服 子供 春 秋 冬 七五三 誕生日 新年 (120cm, グレー花柄)",85-HT3S-M7FJ,25,0,0.16%,0.00%,27,0,0.13%,0.00%,85.19%,0.00%,2,0,8.00%,0.00%,"￥5,160",￥0,2,0
B07ZDF69MF,B07ZDDNJXQ,"【Smart-Bear】P002 キッズ服 Tシャツ ズボン 男の子 女の子 パジャマ 前開きキッズ 部屋着 寝間着ルームウェア ホームサービス ベビー 長袖 ボタン トップス ショートパンツ 上下セット服 子供 春 秋 冬 七五三 誕生日 新年 (130cm, ブルー鹿)",L3-JQ85-GRB6,63,1,0.41%,1.85%,74,1,0.35%,1.49%,95.95%,100.00%,2,1,3.17%,100.00%,"￥5,160","￥2,580",2,1
B07ZDF69MF,B07ZDDP87D,"【Smart-Bear】P002 キッズ服 Tシャツ ズボン 男の子 女の子 パジャマ 前開きキッズ 部屋着 寝間着ルームウェア ホームサービス ベビー 長袖 ボタン トップス ショートパンツ 上下セット服 子供 春 秋 冬 七五三 誕生日 新年 (130cm, オレンジ鹿)",K9-Y27N-DG0Z,79,1,0.51%,1.85%,104,1,0.49%,1.49%,98.08%,100.00%,2,0,2.53%,0.00%,"￥5,160",￥0,2,0
B07ZDF69MF,B07ZDDTWQ1,"【Smart-Bear】P002 キッズ服 Tシャツ ズボン 男の子 女の子 パジャマ 前開きキッズ 部屋着 寝間着ルームウェア ホームサービス ベビー 長袖 ボタン トップス ショートパンツ 上下セット服 子供 春 秋 冬 七五三 誕生日 新年 (90cm, ブルー鹿)",EU-XHVX-NDCN,90,0,0.58%,0.00%,121,0,0.57%,0.00%,98.35%,0.00%,2,0,2.22%,0.00%,"￥5,160",￥0,2,0
B07ZDF69MF,B07ZDF2949,"【Smart-Bear】P002 キッズ服 Tシャツ ズボン 男の子 女の子 パジャマ 前開きキッズ 部屋着 寝間着ルームウェア ホームサービス ベビー 長袖 ボタン トップス ショートパンツ 上下セット服 子供 春 秋 冬 七五三 誕生日 新年 (110cm, オレンジ鹿)",A8-5E1R-YROC,52,0,0.34%,0.00%,59,0,0.28%,0.00%,98.31%,0.00%,2,0,3.85%,0.00%,"￥5,160",￥0,2,0
B0B3TRRJ9Y,B0829SF92W,"【Smart-Bear】W110 可愛い キッズ 靴下 子供 ボーイズ 靴下 男の子 ソックス 綿 抗菌防臭 吸汗吸湿 弾性 通気 柔らかい かわいい 通園通学 5足セット (L, 自動車柄)",Q4-WVP1-WFSX,5,0,0.03%,0.00%,7,0,0.03%,0.00%,71.43%,0.00%,2,0,40.00%,0.00%,"￥3,160",￥0,2,0
B0B3TRRJ9Y,B0829SMZW4,"【Smart-Bear】W110 可愛い キッズ 靴下 子供 ボーイズ 靴下 男の子 ソックス 綿 抗菌防臭 吸汗吸湿 弾性 通気 柔らかい かわいい 通園通学 5足セット (M, 自動車柄)",OI-7LCF-JR5P,13,0,0.08%,0.00%,14,0,0.07%,0.00%,78.57%,0.00%,2,0,15.38%,0.00%,"￥3,160",￥0,2,0
B089WH8PFV,B089WGVVVS,"[Smart-Bear] T303 キッズ レインブーツ レインシューズ 子供用 長靴 男の子 女の子 雨靴 ゴム長靴 滑り止め 通園・通学・アウトドア遊び用 完全防水 雪遊び 滑りにくい 梅雨対策 (イエロー, measurement_16_point_0_centimeters)",5E-IANH-I1KD,18,1,0.12%,1.85%,18,1,0.08%,1.49%,94.44%,100.00%,2,0,11.11%,0.00%,"￥5,160",￥0,2,0
B089WG6H1P,B089WH17QK,"[Smart-Bear] T306 キッズ レインブーツ レインシューズ 子供用 長靴 男の子 女の子 雨靴 ゴム長靴 滑り止め 通園・通学・アウトドア遊び用 完全防水 雪遊び 滑りにくい 梅雨対策 プルハンドル付き (サメ柄, measurement_19_point_0_centimeters)",UY-Y0MP-V8FJ,41,0,0.27%,0.00%,47,0,0.22%,0.00%,97.87%,0.00%,2,0,4.88%,0.00%,"￥5,560",￥0,2,0
B089WH8PFV,B089WH2RHR,"[Smart-Bear] T303 キッズ レインブーツ レインシューズ 子供用 長靴 男の子 女の子 雨靴 ゴム長靴 滑り止め 通園・通学・アウトドア遊び用 完全防水 雪遊び 滑りにくい 梅雨対策 (イエロー, measurement_18_point_5_centimeters)",49-XIYM-U7XE,28,0,0.18%,0.00%,48,0,0.23%,0.00%,83.33%,0.00%,2,0,7.14%,0.00%,"￥5,160",￥0,2,0
B089WG6H1P,B089WJCGT7,"[Smart-Bear] T306 キッズ レインブーツ レインシューズ 子供用 長靴 男の子 女の子 雨靴 ゴム長靴 滑り止め 通園・通学・アウトドア遊び用 完全防水 雪遊び 滑りにくい 梅雨対策 プルハンドル付き (サメ柄, measurement_15_point_0_centimeters)",0R-13SI-4BUS,137,0,0.89%,0.00%,168,0,0.79%,0.00%,94.64%,0.00%,2,0,1.46%,0.00%,"￥5,560",￥0,2,0
B089YBYJDT,B089XVJJ3C,"[Smart-Bear] T308 キッズ レインブーツ レインシューズ 子供用 長靴 男の子 女の子 雨靴 ゴム長靴 滑り止め 通園・通学・アウトドア遊び用 完全防水 雪遊び 滑りにくい 梅雨対策 (ピンク, measurement_18_point_5_centimeters)",0F-QOYL-CX4N,12,0,0.08%,0.00%,24,0,0.11%,0.00%,95.83%,0.00%,2,0,16.67%,0.00%,"￥5,160",￥0,2,0
B089YBYJDT,B089YK77LM,"[Smart-Bear] T308 キッズ レインブーツ レインシューズ 子供用 長靴 男の子 女の子 雨靴 ゴム長靴 滑り止め 通園・通学・アウトドア遊び用 完全防水 雪遊び 滑りにくい 梅雨対策 (ピンク, measurement_21_point_0_centimeters)",T4-YR3Z-ZGYO,27,0,0.17%,0.00%,29,0,0.14%,0.00%,96.55%,0.00%,2,0,7.41%,0.00%,"￥5,160",￥0,2,0
B0BB3FPBY2,B093G8VPJL,"【Smart-Bear】W401 赤ちゃん 膝当て 二ーパッド 出産祝い 滑り止め 柔らか 膝サポーター 怪我防止 メッシュ 通気 可愛い柄 2色セット (2組セット, クマ2色セット)",1Y-5L5D-QYMK,13,0,0.08%,0.00%,15,0,0.07%,0.00%,100.00%,0.00%,2,0,15.38%,0.00%,"￥2,560",￥0,2,0
B0983F4FP1,B0983P7ZQ2,"[Smart-Bear] T309 キッズ レインブーツ レインシューズ 子供用 長靴 男の子 女の子 雨靴 ゴム長靴 滑り止め 通園・通学・アウトドア遊び用 完全防水 雪遊び 滑りにくい 梅雨対策 プルハンドル付き (イエロー, measurement_24_point_5_centimeters)",TV-KRHB-L7VJ,17,0,0.11%,0.00%,29,0,0.14%,0.00%,93.10%,0.00%,2,0,11.76%,0.00%,"￥5,160",￥0,2,0
B089YBYJDT,B098DWFVRW,"[Smart-Bear] T308 キッズ レインブーツ レインシューズ 子供用 長靴 男の子 女の子 雨靴 ゴム長靴 滑り止め 通園・通学・アウトドア遊び用 完全防水 雪遊び 滑りにくい 梅雨対策 (ピンク, measurement_22_point_5_centimeters)",NM-TVF4-T6PJ,11,0,0.07%,0.00%,14,0,0.07%,0.00%,100.00%,0.00%,2,0,18.18%,0.00%,"￥5,160",￥0,2,0
B08T8G1TXB,B098DWPJZR,"【Smart-Bear】T004 レインコート レインウェア 雨具 キッズ 子供 レインコート 可愛い 超軽量 通学 (イエロー, XXL)",64-4C5P-CH1K,5,0,0.03%,0.00%,7,0,0.03%,0.00%,85.71%,0.00%,2,0,40.00%,0.00%,"￥3,560",￥0,2,0
B07ZDF69MF,B09N2PR4CB,"【Smart-Bear】P002 キッズ服 Tシャツ ズボン 男の子 女の子 パジャマ 前開きキッズ 部屋着 寝間着ルームウェア ホームサービス ベビー 長袖 ボタン トップス ショートパンツ 上下セット服 子供 春 秋 冬 七五三 誕生日 新年 (150cm, パンダ柄)",K4-93OB-9REW,38,0,0.25%,0.00%,47,0,0.22%,0.00%,97.87%,0.00%,2,0,5.26%,0.00%,"￥5,160",￥0,2,0
B07ZDF69MF,B09N2QJQQX,"【Smart-Bear】P002 キッズ服 Tシャツ ズボン 男の子 女の子 パジャマ 前開きキッズ 部屋着 寝間着ルームウェア ホームサービス ベビー 長袖 ボタン トップス ショートパンツ 上下セット服 子供 春 秋 冬 七五三 誕生日 新年 (140cm, パンダ柄)",68-D7NZ-8LQG,64,0,0.41%,0.00%,78,0,0.37%,0.00%,98.72%,0.00%,2,0,3.13%,0.00%,"￥5,160",￥0,2,0
B07ZDF69MF,B09N2RQ19M,"【Smart-Bear】P002 キッズ服 Tシャツ ズボン 男の子 女の子 パジャマ 前開きキッズ 部屋着 寝間着ルームウェア ホームサービス ベビー 長袖 ボタン トップス ショートパンツ 上下セット服 子供 春 秋 冬 七五三 誕生日 新年 (110cm, パンダ柄)",R8-3KTU-5B08,22,0,0.14%,0.00%,23,0,0.11%,0.00%,95.65%,0.00%,2,0,9.09%,0.00%,"￥5,160",￥0,2,0
B07ZDF69MF,B09NJD26KC,"【Smart-Bear】P002 キッズ服 Tシャツ ズボン 男の子 女の子 パジャマ 前開きキッズ 部屋着 寝間着ルームウェア ホームサービス ベビー 長袖 ボタン トップス ショートパンツ 上下セット服 子供 春 秋 冬 七五三 誕生日 新年 (120cm, ブルー恐竜柄)",K0-FLHZ-7ZA5,106,2,0.69%,3.70%,146,3,0.69%,4.48%,99.32%,100.00%,2,0,1.89%,0.00%,"￥5,160",￥0,2,0
B09Y991CJG,B09Y985544,【Smart-KM】S018 ニーハイストッキング ガーターストッキング レディース 膝上 セクシー 女装 靴下 女性用 フリーサイズ ２点セット (ブラック),06-YRWT-IFB9,22,0,0.14%,0.00%,31,0,0.15%,0.00%,90.32%,0.00%,3,0,13.64%,0.00%,"￥2,394",￥0,2,0
B09Y991CJG,B09Y99KC38,【Smart-KM】S018 ニーハイストッキング ガーターストッキング レディース 膝上 セクシー 女装 靴下 女性用 フリーサイズ ２点セット (パープル),DC-2LS2-5Z5Z,46,0,0.30%,0.00%,61,0,0.29%,0.00%,85.25%,0.00%,2,0,4.35%,0.00%,"￥1,596",￥0,2,0
B0B1VRHYBC,B0B1VQ33GC,"【Smart-Bear】T012 キッズ レインコート 女の子 子供用 レインウェア 雨具 小学生 レインポンチョ 防水 防風 収納ポーチ付 梅雨対策 通園 通学 入園 (ウサギ, L)",MD-6D6Z-EUFT,32,0,0.21%,0.00%,36,0,0.17%,0.00%,100.00%,0.00%,2,0,6.25%,0.00%,"￥4,960",￥0,2,0
B0BDGD2NLC,B0BDGJBF4F,【Smart-Bear】E013 スマートフォン用 スマホリング 持ちやすい リングスタンド ホールドリング 落下防止 〇型 丸型 全6色 2点セット (ブルー),IL-NDTM-ERFJ,210,0,1.36%,0.00%,269,0,1.27%,0.00%,99.26%,0.00%,2,0,0.95%,0.00%,￥996,￥0,2,0
B0BDGD2NLC,B0BDGL6LLY,【Smart-Bear】E013 スマートフォン用 スマホリング 持ちやすい リングスタンド ホールドリング 落下防止 〇型 丸型 全6色 2点セット (レッド),7V-FKV2-EZBZ,197,0,1.27%,0.00%,267,0,1.26%,0.00%,99.63%,0.00%,2,0,1.02%,0.00%,￥996,￥0,2,0
B075FVND4Z,B075FVND4Z,【Smart-KM】E012 スマートフォン用 スマホリング 持ちやすい リングスタンド ホールドリング 落下防止 ネコ型 猫型 全11色 (ロースゴールド),SJ-9K67-9FA3,5,0,0.03%,0.00%,8,0,0.04%,0.00%,100.00%,0.00%,1,0,20.00%,0.00%,￥398,￥0,1,0
B09G123MB6,B075SL9TG7,【Smart-KM】N009 カナル型 イヤホン ハイレゾ イヤホンマイク付き 重低音 密閉型 Sony iPhone android 多機種対応 (ブラック),87-W95M-7OVU,12,0,0.08%,0.00%,12,0,0.06%,0.00%,100.00%,0.00%,1,0,8.33%,0.00%,￥999,￥0,1,0
B08RW92SXP,B077TYSS5Q,"【Smart-KM】T001 韓国enbihouseレインコート レインウェア 雨具 キッズ 子供 レインコート 可愛い 超軽量 通学 (イエロー, L)",OO-N5NC-53SV,20,0,0.13%,0.00%,24,0,0.11%,0.00%,100.00%,0.00%,1,0,5.00%,0.00%,￥999,￥0,1,0
B08TV8GHQ5,B077TZ52JJ,"【Smart-KM】T002 韓国enbihouseレインコート レインウェア 雨具 キッズ 子供 レインコート 可愛い 超軽量 通学 (ペンギン, XL)",8I-ZLSJ-AKO0,6,0,0.04%,0.00%,10,0,0.05%,0.00%,100.00%,0.00%,1,0,16.67%,0.00%,"￥1,880",￥0,1,0
B08TV8GHQ5,B077V1SGCV,"【Smart-KM】T002 韓国enbihouseレインコート レインウェア 雨具 キッズ 子供 レインコート 可愛い 超軽量 通学 (ヒョウ, S)",NW-P04L-6P5F,62,0,0.40%,0.00%,67,0,0.32%,0.00%,98.51%,0.00%,1,0,1.61%,0.00%,"￥1,880",￥0,1,0
B08TV8GHQ5,B077V3QCKG,"【Smart-KM】T002 韓国enbihouseレインコート レインウェア 雨具 キッズ 子供 レインコート 可愛い 超軽量 通学 (ペンギン, M)",QO-FHC9-QIWP,6,0,0.04%,0.00%,6,0,0.03%,0.00%,83.33%,0.00%,1,0,16.67%,0.00%,"￥1,880",￥0,1,0
B08TV8GHQ5,B077V63T99,"【Smart-KM】T002 韓国enbihouseレインコート レインウェア 雨具 キッズ 子供 レインコート 可愛い 超軽量 通学 (ペンギン, XXL)",3L-RKNM-171N,3,0,0.02%,0.00%,7,0,0.03%,0.00%,100.00%,0.00%,1,0,33.33%,0.00%,"￥1,880",￥0,1,0
B09G14G44F,B077WBKVWH,【Smart-KM】E016 スマートフォン用 スマホリング 持ちやすい リングスタンド ホールドリング 落下防止 薄型 スタンド機能 車載ホルダー 360回転 (シルバー),5G-3Q50-SPXK,5,0,0.03%,0.00%,5,0,0.02%,0.00%,80.00%,0.00%,1,0,20.00%,0.00%,￥568,￥0,1,0
B09G14G44F,B077WGWLSL,【Smart-KM】E016 スマートフォン用 スマホリング 持ちやすい リングスタンド ホールドリング 落下防止 薄型 スタンド機能 車載ホルダー 360回転 (ブラック),RJ-HRS2-0QH1,10,0,0.06%,0.00%,10,0,0.05%,0.00%,100.00%,0.00%,1,0,10.00%,0.00%,￥568,￥0,1,0
B08T8G1TXB,B0782PTKL2,"【Smart-Bear】T004 レインコート レインウェア 雨具 キッズ 子供 レインコート 可愛い 超軽量 通学 (ピンク, L)",MA-QSR9-916V,14,0,0.09%,0.00%,17,0,0.08%,0.00%,94.12%,0.00%,1,0,7.14%,0.00%,"￥1,780",￥0,1,0
B09G14G44F,B07858PBRQ,【Smart-KM】E016 スマートフォン用 スマホリング 持ちやすい リングスタンド ホールドリング 落下防止 薄型 スタンド機能 車載ホルダー 360回転 (ロースゴールド),K0-E2OF-6MKQ,12,0,0.08%,0.00%,13,0,0.06%,0.00%,92.31%,0.00%,1,0,8.33%,0.00%,￥598,￥0,1,0
B08RWR6D2N,B07K5QW4S4,"【Smart-KM】T005 レインコート レインウェア 雨具 キッズ 子供 レインコート 可愛い 超軽量 通学 (ピンク, L)",X8-CEJ2-IGKF,17,0,0.11%,0.00%,22,0,0.10%,0.00%,100.00%,0.00%,1,0,5.88%,0.00%,"￥1,780",￥0,1,0
B08RWR6D2N,B07K5R541S,"【Smart-KM】T005 レインコート レインウェア 雨具 キッズ 子供 レインコート 可愛い 超軽量 通学 (イエロー, XL)",LG-ANQR-6C9P,14,1,0.09%,1.85%,16,1,0.08%,1.49%,93.75%,100.00%,1,0,7.14%,0.00%,"￥1,980",￥0,1,0
B08RWR6D2N,B07K5S1K82,"【Smart-KM】T005 レインコート レインウェア 雨具 キッズ 子供 レインコート 可愛い 超軽量 通学 (ブルー, S)",9L-84XW-ZW1C,166,0,1.07%,0.00%,183,0,0.86%,0.00%,96.17%,0.00%,1,0,0.60%,0.00%,"￥1,780",￥0,1,0
B08RWR6D2N,B07K5S3KNK,"【Smart-KM】T005 レインコート レインウェア 雨具 キッズ 子供 レインコート 可愛い 超軽量 通学 (ブルー, M)",X8-MI20-UUAX,18,0,0.12%,0.00%,20,0,0.09%,0.00%,95.00%,0.00%,1,0,5.56%,0.00%,"￥1,780",￥0,1,0
B08RWR6D2N,B07K5S3Q81,"【Smart-KM】T005 レインコート レインウェア 雨具 キッズ 子供 レインコート 可愛い 超軽量 通学 (ピンク, S)",RX-2HFK-D2O4,85,0,0.55%,0.00%,99,0,0.47%,0.00%,100.00%,0.00%,1,0,1.18%,0.00%,"￥1,780",￥0,1,0
B08RWR6D2N,B07K5S4TZ9,"【Smart-KM】T005 レインコート レインウェア 雨具 キッズ 子供 レインコート 可愛い 超軽量 通学 (ピンク, M)",MO-6NAH-GNZ6,30,0,0.19%,0.00%,32,0,0.15%,0.00%,84.38%,0.00%,1,0,3.33%,0.00%,"￥1,780",￥0,1,0
B08RWR6D2N,B07K5S9ZFC,"【Smart-KM】T005 レインコート レインウェア 雨具 キッズ 子供 レインコート 可愛い 超軽量 通学 (イエロー, L)",N9-GB8J-KI9M,28,0,0.18%,0.00%,37,0,0.17%,0.00%,89.19%,0.00%,1,0,3.57%,0.00%,"￥1,780",￥0,1,0
B08RWR6D2N,B07K5SMQ74,"【Smart-KM】T005 レインコート レインウェア 雨具 キッズ 子供 レインコート 可愛い 超軽量 通学 (ピンク, XL)",NX-M2SX-8JR7,9,1,0.06%,1.85%,10,2,0.05%,2.99%,90.00%,100.00%,1,0,11.11%,0.00%,"￥1,980",￥0,1,0
B09SBBTQ71,B07KPZWVHV, ,3E-R808-PS5E,5,0,0.03%,0.00%,7,0,0.03%,0.00%,100.00%,0.00%,1,0,20.00%,0.00%,￥428,￥0,1,0
B07RR93NLC,B07RN4L7SQ,"【Smart-Bear】T008 レインコート レインウェア 雨具 キッズ 子供 レインコート 可愛い 超軽量 通学 フクロウ 梅花 熊 パイナップル (S, ブルー)",MD-TJTP-5QQW,365,0,2.36%,0.00%,396,0,1.87%,0.00%,97.47%,0.00%,1,0,0.27%,0.00%,"￥1,880",￥0,1,0
B098MTJ36F,B07RN4V5RG,"【Smart-Bear】T010 レインコート レインウェア 雨具 キッズ 子供 レインコート 可愛い 超軽量 通学 フクロウ 雪の女王 Frozen (ブルー, S)",J6-656F-SFOE,100,1,0.65%,1.85%,124,1,0.59%,1.49%,98.39%,100.00%,1,0,1.00%,0.00%,"￥2,380",￥0,1,0
B093K5LC27,B07RNDRGNN,"【Smart-Bear】W009 子供の靴下 キッズ 子供 くつした メッシュ 通気防臭 男女兼用 男の子 女の子 可愛い 5足セット (車, m)",RY-0PQG-6BUX,6,0,0.04%,0.00%,8,0,0.04%,0.00%,87.50%,0.00%,1,0,16.67%,0.00%,"￥1,280",￥0,1,0
B07RSB43W3,B07RP531NV,"【Smart-bear】T006 レインコート レインウェア 雨具 キッズ 子供 レインコート 可愛い 超軽量 通学 サメ (XL, グレー)",CO-9IM4-T6OQ,2,0,0.01%,0.00%,3,0,0.01%,0.00%,100.00%,0.00%,1,0,50.00%,0.00%,"￥2,380",￥0,1,0
B07RR93NLC,B07RP5Y4R4,"【Smart-Bear】T008 レインコート レインウェア 雨具 キッズ 子供 レインコート 可愛い 超軽量 通学 フクロウ 梅花 熊 パイナップル (L, ブルー)",1M-UIA7-WLFP,14,0,0.09%,0.00%,15,0,0.07%,0.00%,86.67%,0.00%,1,0,7.14%,0.00%,"￥2,180",￥0,1,0
B07RR93NLC,B07RP62386,"【Smart-Bear】T008 レインコート レインウェア 雨具 キッズ 子供 レインコート 可愛い 超軽量 通学 フクロウ 梅花 熊 パイナップル (M, グレー)",A6-0POG-ZP4D,13,0,0.08%,0.00%,16,0,0.08%,0.00%,100.00%,0.00%,1,0,7.69%,0.00%,"￥2,180",￥0,1,0
B093KMZL1D,B07RPGFKYW,"【Smart-Bear】W002 子供の靴下 女の子 ソックス メッシュ素材 可愛い お姫様 学生用 通園通学 5足セット (B, l)",MH-HDGL-UPY9,4,0,0.03%,0.00%,5,0,0.02%,0.00%,100.00%,0.00%,1,0,25.00%,0.00%,"￥1,380",￥0,1,0
B07RR93NLC,B07RQ4P48F,"【Smart-bear】T008 レインコート レインウェア 雨具 キッズ 子供 レインコート 可愛い 超軽量 通学 フクロウ 梅花 熊 パイナップル (XXXL, グリーン)",X9-AILJ-IY98,17,0,0.11%,0.00%,22,0,0.10%,0.00%,95.45%,0.00%,1,0,5.88%,0.00%,"￥2,180",￥0,1,0
B07RR93NLC,B07RQ4PJML,"【Smart-Bear】T008 レインコート レインウェア 雨具 キッズ 子供 レインコート 可愛い 超軽量 通学 フクロウ 梅花 熊 パイナップル (XXL, グリーン)",LM-W2YT-YFF8,25,0,0.16%,0.00%,29,0,0.14%,0.00%,82.76%,0.00%,1,0,4.00%,0.00%,"￥2,180",￥0,1,0
B07RR93NLC,B07RQ5V9L2,"【Smart-Bear】T008 レインコート レインウェア 雨具 キッズ 子供 レインコート 可愛い 超軽量 通学 フクロウ 梅花 熊 パイナップル (M, ブルー)",R2-8QYY-5OY0,16,0,0.10%,0.00%,20,0,0.09%,0.00%,100.00%,0.00%,1,0,6.25%,0.00%,"￥2,180",￥0,1,0
B07RSL6CFL,B07RQDYY46,【Smart-Bear】W014 可愛い キッズ 子供 靴下 ソックス フォーマル くるぶし ジュニア 通気 メッシュ 5足セット 薄手 (S),VD-ECRR-8PWJ,4,0,0.03%,0.00%,4,0,0.02%,0.00%,100.00%,0.00%,1,0,25.00%,0.00%,"￥1,280",￥0,1,0
B07RQ89GJH,B07RRCXLD1,【Smart-Bear】T101 フード付きタオル 子供用 マントバスタオル ビーチタオル 子ども 超吸収性 赤ちゃんポンチョ 綿 お風呂 プール ベビー 便利 柔らかい コットンバスタオル 鰐 ワニ 一角獣 ユニコーン (ワニ),CB-0QZI-OQCR,47,0,0.30%,0.00%,56,0,0.26%,0.00%,98.21%,0.00%,1,0,2.13%,0.00%,"￥1,980",￥0,1,0
B093K5LC27,B07RSJKTMR,"【Smart-Bear】W009 子供の靴下 キッズ 子供 くつした メッシュ 通気防臭 男女兼用 男の子 女の子 可愛い 5足セット (カバ, m)",2Z-OH3T-ZZA7,1,0,0.01%,0.00%,1,0,0.00%,0.00%,100.00%,0.00%,1,0,100.00%,0.00%,"￥1,280",￥0,1,0
B07RSB43W3,B07RTH7YYW,"【Smart-bear】T006 レインコート レインウェア 雨具 キッズ 子供 レインコート 可愛い 超軽量 通学 サメ (XL, ブルー)",87-W2HM-4SWM,3,0,0.02%,0.00%,8,0,0.04%,0.00%,100.00%,0.00%,1,0,33.33%,0.00%,"￥2,380",￥0,1,0
B093K5LC27,B07RTLQZM8,"【Smart-Bear】W009 子供の靴下 キッズ 子供 くつした メッシュ 通気防臭 男女兼用 男の子 女の子 可愛い 5足セット (車, s)",6W-YIXA-ZQ6P,11,1,0.07%,1.85%,14,1,0.07%,1.49%,100.00%,100.00%,1,0,9.09%,0.00%,"￥1,280",￥0,1,0
B07SPVLR22,B07SPZGD94,【Smart-Bear】W017 可愛い キッズ 子供 靴下 ソックス お姫様 通気 6足 セット カラフル 女の子 薄め (XL),BT-GNOC-X8Y0,11,0,0.07%,0.00%,16,0,0.08%,0.00%,81.25%,0.00%,1,0,9.09%,0.00%,"￥1,680",￥0,1,0
B07SSFC3WR,B07SSF9C9K,"【Smart-Bear】T003 レインコート レインウェア 雨具 キッズ 子供 レインコート 可愛い 超軽量 通学 リュック対応 トリ 果物 花柄 (XL, イエロー)",KU-4QVF-H97O,11,0,0.07%,0.00%,13,0,0.06%,0.00%,100.00%,0.00%,1,0,9.09%,0.00%,"￥1,980",￥0,1,0
B07SSFC3WR,B07SSKF9KP,"【Smart-Bear】T003 レインコート レインウェア 雨具 キッズ 子供 レインコート 可愛い 超軽量 通学 リュック対応 トリ 果物 花柄 (XXXL, ピンク)",6R-P7SR-5Z4X,8,0,0.05%,0.00%,9,0,0.04%,0.00%,55.56%,0.00%,1,0,12.50%,0.00%,"￥1,980",￥0,1,0
B07SSFC3WR,B07STH54RG,"【Smart-Bear】T003 レインコート レインウェア 雨具 キッズ 子供 レインコート 可愛い 超軽量 通学 リュック対応 トリ 果物 花柄 (M, ピンク)",29-0QHZ-UD4C,41,0,0.27%,0.00%,65,0,0.31%,0.00%,92.31%,0.00%,1,0,2.44%,0.00%,"￥1,980",￥0,1,0
B093GXTPD7,B07SX88GB9,"【Smart-Bear】W018 子供 ソックス 靴下 キッズ ガールズ お姫様 ベビー 柔らかい 春 夏 秋 通気 女の子 5足セット (イチゴ, l)",6J-QKBU-6SG4,3,0,0.02%,0.00%,3,0,0.01%,0.00%,100.00%,0.00%,1,0,33.33%,0.00%,"￥1,280",￥0,1,0
B09GN5BCR7,B07X14JPV4,【Smart-KM】B044 HUAWEI P30/P30 lite/P30 Pro/P20/P20 lite/P20 Pro/ P10 / P10 Plusカメラ保護ガラスフィルム 全面保護 耐衝撃 指紋防止 気泡ゼロ スクラッチ防止 超薄型 2枚セット (P30 Pro),EA-JJS3-3HNI,3,0,0.02%,0.00%,3,0,0.01%,0.00%,66.67%,0.00%,1,0,33.33%,0.00%,￥498,￥0,1,0
B09FZZ5GTP,B07YJ66QCD,"【Smart-KM】N013 2019新モデル ハイレゾ 遮音性 重低音 有線 マイク内蔵 通話可能 音量調節 ステレオイヤフォン 軽量 音漏れ防止 着け心地抜群 互換性 iPhone6s/iPhone6s Plus/iPhone6/iPhone6 Plus/5s/5c/5/iPad/iPod/Android/PC対応 リモコン付き マイク付き iOSとAndriod全対応 3.5ｍｍ (3.5mm磁吸機能付き, ブラック)",PO-1QJJ-NLXD,3,0,0.02%,0.00%,3,0,0.01%,0.00%,100.00%,0.00%,1,0,33.33%,0.00%,￥999,￥0,1,0
B07Z8NK8VY,B07Z8NK8VY,"【Smart-Bear】W108 可愛い キッズ 靴下 子供 ボーイズ 靴下 男の子 車 星模様 抗菌防臭 吸汗吸湿 弾性 かわいい 通学 綿 秋冬 5足セット (車柄, L:18～21cm(8-10歳))",49-4L7N-RWKA,38,1,0.25%,1.85%,57,1,0.27%,1.49%,92.98%,100.00%,2,0,5.26%,0.00%,"￥2,760",￥0,1,0
B07ZDF69MF,B07ZDCJ8VZ,"【Smart-Bear】P002 キッズ服 Tシャツ ズボン 男の子 女の子 パジャマ 前開きキッズ 部屋着 寝間着ルームウェア ホームサービス ベビー 長袖 ボタン トップス ショートパンツ 上下セット服 子供 春 秋 冬 七五三 誕生日 新年 (100cm, ブルー鹿)",XP-0S2T-TY8Z,18,0,0.12%,0.00%,18,0,0.08%,0.00%,100.00%,0.00%,1,0,5.56%,0.00%,"￥2,580",￥0,1,0
B07ZDF69MF,B07ZDDHD1Q,"【Smart-Bear】P002 キッズ服 Tシャツ ズボン 男の子 女の子 パジャマ 前開きキッズ 部屋着 寝間着ルームウェア ホームサービス ベビー 長袖 ボタン トップス ショートパンツ 上下セット服 子供 春 秋 冬 七五三 誕生日 新年 (120cm, ピンク花柄)",P2-GPKI-NCD6,36,1,0.23%,1.85%,38,1,0.18%,1.49%,89.47%,100.00%,1,1,2.78%,100.00%,"￥2,580","￥2,580",1,1
B07ZDF69MF,B07ZDDNXF6,"【Smart-Bear】P002 キッズ服 Tシャツ ズボン 男の子 女の子 パジャマ 前開きキッズ 部屋着 寝間着ルームウェア ホームサービス ベビー 長袖 ボタン トップス ショートパンツ 上下セット服 子供 春 秋 冬 七五三 誕生日 新年 (120cm, ブルー鹿)",L8-9KTN-4UJ3,35,2,0.23%,3.70%,37,2,0.17%,2.99%,91.89%,100.00%,1,0,2.86%,0.00%,"￥2,580",￥0,1,0
B07ZDCWR9P,B07ZDF918T,"【Smart-Bear】P001 子供用長袖パジャマ 男の子と女の子の下着子供の秋服セット綿の下着子供用コットンセーターパジャマ 丈夫で快適 綿100％ルームウェア長袖パジャマ上下セットパジャマ 2点セット子供服 長袖 寝間着 上下セット (90cm, ピンクペンギン)",LD-I0VS-L6WL,31,0,0.20%,0.00%,37,0,0.17%,0.00%,94.59%,0.00%,1,0,3.23%,0.00%,"￥1,880",￥0,1,0
B07ZDCWR9P,B07ZDFFCRN,"【Smart-Bear】P001 子供用長袖パジャマ 男の子と女の子の下着子供の秋服セット綿の下着子供用コットンセーターパジャマ 丈夫で快適 綿100％ルームウェア長袖パジャマ上下セットパジャマ 2点セット子供服 長袖 寝間着 上下セット (100cm, ピンクペンギン)",DQ-3THL-NTCB,12,0,0.08%,0.00%,15,0,0.07%,0.00%,100.00%,0.00%,1,0,8.33%,0.00%,"￥1,880",￥0,1,0
B0B3TRRJ9Y,B0829SLDXV,"【Smart-Bear】W110 可愛い キッズ 靴下 子供 ボーイズ 靴下 男の子 ソックス 綿 抗菌防臭 吸汗吸湿 弾性 通気 柔らかい かわいい 通園通学 5足セット (S, キリン柄)",2G-4M7E-CPTT,35,0,0.23%,0.00%,44,0,0.21%,0.00%,97.73%,0.00%,1,0,2.86%,0.00%,"￥1,580",￥0,1,0
B0B3TRRJ9Y,B0829T2RHN,"【Smart-Bear】W110 可愛い キッズ 靴下 子供 ボーイズ 靴下 男の子 ソックス 綿 抗菌防臭 吸汗吸湿 弾性 通気 柔らかい かわいい 通園通学 5足セット (L, キリン柄)",8L-YZ5B-QMPT,6,0,0.04%,0.00%,7,0,0.03%,0.00%,85.71%,0.00%,1,0,16.67%,0.00%,"￥1,580",￥0,1,0
B09G589WT3,B085WCHYF5,"【Smart-KM】A093 iPhone 7/iPhone 7 Plus/iPhone 8/iPhone 8 Plus/iPhone X/iPhone Xs/iPhone Xs Max/iPhone XR対応 ケース クリアケース スマホケース 高機能 シリコン 超薄型 0.8mm 超軽量 防指紋 ３色 (iPhone11 Pro, ブラック)",AH-1IKT-5MTL,20,1,0.13%,1.85%,22,1,0.10%,1.49%,100.00%,100.00%,1,0,5.00%,0.00%,￥458,￥0,1,0
B09G14G44F,B087JD5WDQ,【Smart-KM】E016 スマートフォン用 スマホリング 持ちやすい リングスタンド ホールドリング 落下防止 薄型 スタンド機能 車載ホルダー 360回転 (ブラック(艶消し)),WE-JWY3-JZZB,8,0,0.05%,0.00%,14,0,0.07%,0.00%,85.71%,0.00%,1,0,12.50%,0.00%,￥598,￥0,1,0
B09G14G44F,B087JTYPD1,【Smart-KM】E016 スマートフォン用 スマホリング 持ちやすい リングスタンド ホールドリング 落下防止 薄型 スタンド機能 車載ホルダー 360回転 (ゴールド(艶消し)),YM-9WR9-8MLJ,10,1,0.06%,1.85%,14,1,0.07%,1.49%,92.86%,0.00%,1,0,10.00%,0.00%,￥598,￥0,1,0
B08P7T2BQH,B0888BTMJQ,【Smart-Bear】W001 子供の靴下 ソックス 綿 メッシュ素材 薄型 春夏適用 通学 男の子 女の子 キッズ 通園 通学 5足セット (L),JW-V3Y7-VVWA,1,0,0.01%,0.00%,2,0,0.01%,0.00%,100.00%,0.00%,1,0,100.00%,0.00%,"￥1,380",￥0,1,0
B088D9W4WQ,B088D9NYBR,"【Smart-Bear】W022 可愛い キッズ 子供 靴下 ソックス 豚 パンダ 動物柄 くるぶし ジュニア 通気 メッシュ くつした 男の子 女の子 ソックス 綿 5足セット (多彩色のアルファベット, M:13〜15cm(3-4歳))",U8-VYCR-TAH1,1,0,0.01%,0.00%,1,0,0.00%,0.00%,100.00%,0.00%,1,0,100.00%,0.00%,"￥1,280",￥0,1,0
B09N2M9GXL,B089S35VY8,【Smart-KM】N011 3.5mm有線 イヤフォン マイク ボリューム操作可能 イヤホンマイク 互換性 iPhone6s/iPhone6s Plus/iPhone6/iPhone6 Plus/5s/5c/5/iPad/iPod/Android/PC対応 イヤホン リモコン付き マイク付き iOSとAndriod全対応 (改進版-白(Type-C)),5R-19HH-5WB5,5,0,0.03%,0.00%,8,0,0.04%,0.00%,100.00%,0.00%,1,0,20.00%,0.00%,￥999,￥0,1,0
B089WH8PFV,B089WG1M7S,"[Smart-Bear] T303 キッズ レインブーツ レインシューズ 子供用 長靴 男の子 女の子 雨靴 ゴム長靴 滑り止め 通園・通学・アウトドア遊び用 完全防水 雪遊び 滑りにくい 梅雨対策 (イエロー, measurement_17_point_0_centimeters)",TR-8MGZ-II7N,11,0,0.07%,0.00%,22,0,0.10%,0.00%,86.36%,0.00%,1,0,9.09%,0.00%,"￥2,580",￥0,1,0
B089WH8PFV,B089WG52FC,"[Smart-Bear] T303 キッズ レインブーツ レインシューズ 子供用 長靴 男の子 女の子 雨靴 ゴム長靴 滑り止め 通園・通学・アウトドア遊び用 完全防水 雪遊び 滑りにくい 梅雨対策 (イエロー, measurement_20_point_0_centimeters)",GU-26TQ-VQCD,25,0,0.16%,0.00%,37,0,0.17%,0.00%,97.30%,0.00%,1,0,4.00%,0.00%,"￥2,580",￥0,1,0
B089WH8PFV,B089WHDKSV,"[Smart-Bear] T303 キッズ レインブーツ レインシューズ 子供用 長靴 男の子 女の子 雨靴 ゴム長靴 滑り止め 通園・通学・アウトドア遊び用 完全防水 雪遊び 滑りにくい 梅雨対策 (ピンク, measurement_16_point_0_centimeters)",Z6-YMP1-EWGJ,15,0,0.10%,0.00%,19,0,0.09%,0.00%,84.21%,0.00%,1,0,6.67%,0.00%,"￥2,580",￥0,1,0
B089WH8PFV,B089WHDKSW,"[Smart-Bear] T303 キッズ レインブーツ レインシューズ 子供用 長靴 男の子 女の子 雨靴 ゴム長靴 滑り止め 通園・通学・アウトドア遊び用 完全防水 雪遊び 滑りにくい 梅雨対策 (イエロー, measurement_19_point_0_centimeters)",LD-NEWP-5XTB,22,0,0.14%,0.00%,29,0,0.14%,0.00%,96.55%,0.00%,1,0,4.55%,0.00%,"￥2,580",￥0,1,0
B089YBYJDT,B089XYRGZB,"[Smart-Bear] T308 キッズ レインブーツ レインシューズ 子供用 長靴 男の子 女の子 雨靴 ゴム長靴 滑り止め 通園・通学・アウトドア遊び用 完全防水 雪遊び 滑りにくい 梅雨対策 (ホワイト, measurement_19_point_0_centimeters)",SX-6PUQ-K56B,14,0,0.09%,0.00%,16,0,0.08%,0.00%,100.00%,0.00%,1,0,7.14%,0.00%,"￥2,580",￥0,1,0
B089YBYJDT,B089XZRV3Z,"[Smart-Bear] T308 キッズ レインブーツ レインシューズ 子供用 長靴 男の子 女の子 雨靴 ゴム長靴 滑り止め 通園・通学・アウトドア遊び用 完全防水 雪遊び 滑りにくい 梅雨対策 (ピンク, measurement_17_point_0_centimeters)",9N-4FPK-JMKR,16,0,0.10%,0.00%,20,0,0.09%,0.00%,100.00%,0.00%,1,0,6.25%,0.00%,"￥2,580",￥0,1,0
B089YBYJDT,B089Y1Z47W,"[Smart-Bear] T308 キッズ レインブーツ レインシューズ 子供用 長靴 男の子 女の子 雨靴 ゴム長靴 滑り止め 通園・通学・アウトドア遊び用 完全防水 雪遊び 滑りにくい 梅雨対策 (ピンク, measurement_20_point_0_centimeters)",Z1-3OLT-QHNT,36,0,0.23%,0.00%,45,0,0.21%,0.00%,97.78%,0.00%,1,0,2.78%,0.00%,"￥2,580",￥0,1,0
B089YBYJDT,B089Y1Z47X,"[Smart-Bear] T308 キッズ レインブーツ レインシューズ 子供用 長靴 男の子 女の子 雨靴 ゴム長靴 滑り止め 通園・通学・アウトドア遊び用 完全防水 雪遊び 滑りにくい 梅雨対策 (グリーン, measurement_18_point_5_centimeters)",J3-4N2I-PGG1,10,0,0.06%,0.00%,18,0,0.08%,0.00%,77.78%,0.00%,1,0,10.00%,0.00%,"￥2,580",￥0,1,0
B089YBYJDT,B089Y5Q82W,"[Smart-Bear] T308 キッズ レインブーツ レインシューズ 子供用 長靴 男の子 女の子 雨靴 ゴム長靴 滑り止め 通園・通学・アウトドア遊び用 完全防水 雪遊び 滑りにくい 梅雨対策 (ピンク, measurement_19_point_0_centimeters)",CT-Q374-BJ1E,35,0,0.23%,0.00%,50,0,0.24%,0.00%,82.00%,0.00%,1,0,2.86%,0.00%,"￥2,580",￥0,1,0
B089YBYJDT,B089Y6YY1T,"[Smart-Bear] T308 キッズ レインブーツ レインシューズ 子供用 長靴 男の子 女の子 雨靴 ゴム長靴 滑り止め 通園・通学・アウトドア遊び用 完全防水 雪遊び 滑りにくい 梅雨対策 (グリーン, measurement_20_point_0_centimeters)",A5-0ORL-RJOS,25,0,0.16%,0.00%,30,0,0.14%,0.00%,93.33%,0.00%,1,0,4.00%,0.00%,"￥2,580",￥0,1,0
B089WG6H1P,B08B1RJPWV,"[Smart-Bear] T306 キッズ レインブーツ レインシューズ 子供用 長靴 男の子 女の子 雨靴 ゴム長靴 滑り止め 通園・通学・アウトドア遊び用 完全防水 雪遊び 滑りにくい 梅雨対策 プルハンドル付き (人魚柄, measurement_17_point_0_centimeters)",K1-2G6E-3NBD,30,0,0.19%,0.00%,31,0,0.15%,0.00%,96.77%,0.00%,1,0,3.33%,0.00%,"￥2,780",￥0,1,0
B089WG6H1P,B08B1SCB4C,"[Smart-Bear] T306 キッズ レインブーツ レインシューズ 子供用 長靴 男の子 女の子 雨靴 ゴム長靴 滑り止め 通園・通学・アウトドア遊び用 完全防水 雪遊び 滑りにくい 梅雨対策 プルハンドル付き (人魚柄, measurement_21_point_0_centimeters)",AM-5SQ0-118U,17,0,0.11%,0.00%,31,0,0.15%,0.00%,32.26%,0.00%,1,0,5.88%,0.00%,"￥2,780",￥0,1,0
B07RTLSC82,B08L537TYN,【Smart-Bear】W004 子供の靴下 動物柄 通学 通園 キッズ ソックス 女の子 ソックス カラーフル メッシュ素材 5足セット (XL),0R-RVC0-FYJE,6,0,0.04%,0.00%,6,0,0.03%,0.00%,100.00%,0.00%,1,0,16.67%,0.00%,"￥1,580",￥0,1,0
B093K5LC27,B093KC4M19,"【Smart-Bear】W009 子供の靴下 キッズ 子供 くつした メッシュ 通気防臭 男女兼用 男の子 女の子 可愛い 5足セット (車, x_l)",J5-L7JS-HX8H,3,0,0.02%,0.00%,3,0,0.01%,0.00%,100.00%,0.00%,1,0,33.33%,0.00%,"￥1,280",￥0,1,0
B093GXTPD7,B093KPR8GB,"【Smart-Bear】W018 子供 ソックス 靴下 キッズ ガールズ お姫様 ベビー 柔らかい 春 夏 秋 通気 女の子 5足セット (イチゴ, x_l)",L7-MHJQ-NXY2,4,0,0.03%,0.00%,5,0,0.02%,0.00%,100.00%,0.00%,1,0,25.00%,0.00%,"￥1,280",￥0,1,0
B0983F4FP1,B09837WP97,"[Smart-Bear] T309 キッズ レインブーツ レインシューズ 子供用 長靴 男の子 女の子 雨靴 ゴム長靴 滑り止め 通園・通学・アウトドア遊び用 完全防水 雪遊び 滑りにくい 梅雨対策 プルハンドル付き (イエロー, measurement_18_point_0_centimeters)",IU-YYJQ-NCR5,9,0,0.06%,0.00%,16,0,0.08%,0.00%,100.00%,0.00%,1,0,11.11%,0.00%,"￥2,580",￥0,1,0
B0983F4FP1,B09838NFL3,"[Smart-Bear] T309 キッズ レインブーツ レインシューズ 子供用 長靴 男の子 女の子 雨靴 ゴム長靴 滑り止め 通園・通学・アウトドア遊び用 完全防水 雪遊び 滑りにくい 梅雨対策 プルハンドル付き (イエロー, measurement_22_point_5_centimeters)",91-6HG1-LVP0,14,0,0.09%,0.00%,14,0,0.07%,0.00%,78.57%,0.00%,1,0,7.14%,0.00%,"￥2,580",￥0,1,0
B089YBYJDT,B098DW4D5R,"[Smart-Bear] T308 キッズ レインブーツ レインシューズ 子供用 長靴 男の子 女の子 雨靴 ゴム長靴 滑り止め 通園・通学・アウトドア遊び用 完全防水 雪遊び 滑りにくい 梅雨対策 (ブルー, measurement_22_point_5_centimeters)",BZ-KCIJ-LMF9,21,0,0.14%,0.00%,24,0,0.11%,0.00%,91.67%,0.00%,1,0,4.76%,0.00%,"￥2,580",￥0,1,0
B08T8G1TXB,B098DWHYBR,"【Smart-Bear】T004 レインコート レインウェア 雨具 キッズ 子供 レインコート 可愛い 超軽量 通学 (ピンク, XXL)",KY-VS07-AZ19,6,0,0.04%,0.00%,7,0,0.03%,0.00%,85.71%,0.00%,1,0,16.67%,0.00%,"￥1,780",￥0,1,0
B08T8G1TXB,B098DWYX41,"【Smart-Bear】T004 レインコート レインウェア 雨具 キッズ 子供 レインコート 可愛い 超軽量 通学 (ピンク, XL)",FC-5PIA-1JUZ,6,0,0.04%,0.00%,7,0,0.03%,0.00%,100.00%,0.00%,1,0,16.67%,0.00%,"￥1,780",￥0,1,0
B089WH8PFV,B098DXXPTC,"[Smart-Bear] T303 キッズ レインブーツ レインシューズ 子供用 長靴 男の子 女の子 雨靴 ゴム長靴 滑り止め 通園・通学・アウトドア遊び用 完全防水 雪遊び 滑りにくい 梅雨対策 (ピンク, measurement_22_point_5_centimeters)",86-XZB0-HL4R,10,0,0.06%,0.00%,12,0,0.06%,0.00%,100.00%,0.00%,1,0,10.00%,0.00%,"￥2,580",￥0,1,0
B089WH8PFV,B098DYTNQM,"[Smart-Bear] T303 キッズ レインブーツ レインシューズ 子供用 長靴 男の子 女の子 雨靴 ゴム長靴 滑り止め 通園・通学・アウトドア遊び用 完全防水 雪遊び 滑りにくい 梅雨対策 (イエロー, measurement_22_point_5_centimeters)",74-MTWF-NKK7,11,0,0.07%,0.00%,12,0,0.06%,0.00%,100.00%,0.00%,1,0,9.09%,0.00%,"￥2,580",￥0,1,0
B07ZDF69MF,B09N2Q6J6K,"【Smart-Bear】P002 キッズ服 Tシャツ ズボン 男の子 女の子 パジャマ 前開きキッズ 部屋着 寝間着ルームウェア ホームサービス ベビー 長袖 ボタン トップス ショートパンツ 上下セット服 子供 春 秋 冬 七五三 誕生日 新年 (100cm, パンダ柄)",O7-P2TB-P88J,35,0,0.23%,0.00%,39,0,0.18%,0.00%,87.18%,0.00%,1,0,2.86%,0.00%,"￥2,580",￥0,1,0
B07ZDF69MF,B09N2QCCDD,"【Smart-Bear】P002 キッズ服 Tシャツ ズボン 男の子 女の子 パジャマ 前開きキッズ 部屋着 寝間着ルームウェア ホームサービス ベビー 長袖 ボタン トップス ショートパンツ 上下セット服 子供 春 秋 冬 七五三 誕生日 新年 (130cm, パンダ柄)",56-XSBC-TM3R,17,2,0.11%,3.70%,17,2,0.08%,2.99%,82.35%,100.00%,1,0,5.88%,0.00%,"￥2,580",￥0,1,0
B07ZDF69MF,B09NHN3MBN,"【Smart-Bear】P002 キッズ服 Tシャツ ズボン 男の子 女の子 パジャマ 前開きキッズ 部屋着 寝間着ルームウェア ホームサービス ベビー 長袖 ボタン トップス ショートパンツ 上下セット服 子供 春 秋 冬 七五三 誕生日 新年 (100cm, ウサギ柄)",LM-A6Y1-2K0H,17,0,0.11%,0.00%,19,0,0.09%,0.00%,94.74%,0.00%,1,0,5.88%,0.00%,"￥2,580",￥0,1,0
B07ZDF69MF,B09NHPB9GJ,"【Smart-Bear】P002 キッズ服 Tシャツ ズボン 男の子 女の子 パジャマ 前開きキッズ 部屋着 寝間着ルームウェア ホームサービス ベビー 長袖 ボタン トップス ショートパンツ 上下セット服 子供 春 秋 冬 七五三 誕生日 新年 (150cm, ブルー恐竜柄)",D5-WGY2-NJ46,18,0,0.12%,0.00%,21,0,0.10%,0.00%,85.71%,0.00%,1,0,5.56%,0.00%,"￥2,580",￥0,1,0
B07ZDF69MF,B09NHPKPWB,"【Smart-Bear】P002 キッズ服 Tシャツ ズボン 男の子 女の子 パジャマ 前開きキッズ 部屋着 寝間着ルームウェア ホームサービス ベビー 長袖 ボタン トップス ショートパンツ 上下セット服 子供 春 秋 冬 七五三 誕生日 新年 (130cm, キリン柄)",GM-LRGS-Y4VG,19,0,0.12%,0.00%,20,0,0.09%,0.00%,90.00%,0.00%,1,0,5.26%,0.00%,"￥2,580",￥0,1,0
B07ZDF69MF,B09NJCRRZ4,"【Smart-Bear】P002 キッズ服 Tシャツ ズボン 男の子 女の子 パジャマ 前開きキッズ 部屋着 寝間着ルームウェア ホームサービス ベビー 長袖 ボタン トップス ショートパンツ 上下セット服 子供 春 秋 冬 七五三 誕生日 新年 (120cm, キリン柄)",9X-DKOD-YDZ9,33,1,0.21%,1.85%,37,1,0.17%,1.49%,91.89%,100.00%,1,0,3.03%,0.00%,"￥2,580",￥0,1,0
B07ZDF69MF,B09NSMTXTY,"【Smart-Bear】P002 キッズ服 Tシャツ ズボン 男の子 女の子 パジャマ 前開きキッズ 部屋着 寝間着ルームウェア ホームサービス ベビー 長袖 ボタン トップス ショートパンツ 上下セット服 子供 春 秋 冬 七五三 誕生日 新年 (150cm, バス柄)",9N-8MWL-FE1O,13,0,0.08%,0.00%,13,0,0.06%,0.00%,84.62%,0.00%,1,0,7.69%,0.00%,"￥2,580",￥0,1,0
B07ZDF69MF,B09NSN9VVQ,"【Smart-Bear】P002 キッズ服 Tシャツ ズボン 男の子 女の子 パジャマ 前開きキッズ 部屋着 寝間着ルームウェア ホームサービス ベビー 長袖 ボタン トップス ショートパンツ 上下セット服 子供 春 秋 冬 七五三 誕生日 新年 (110cm, バス柄)",M7-PIGM-QQAP,23,0,0.15%,0.00%,32,0,0.15%,0.00%,87.50%,0.00%,1,0,4.35%,0.00%,"￥2,580",￥0,1,0
B07ZDF69MF,B09NSNCVGG,"【Smart-Bear】P002 キッズ服 Tシャツ ズボン 男の子 女の子 パジャマ 前開きキッズ 部屋着 寝間着ルームウェア ホームサービス ベビー 長袖 ボタン トップス ショートパンツ 上下セット服 子供 春 秋 冬 七五三 誕生日 新年 (100cm, バス柄)",9Z-9UTZ-BE8A,33,0,0.21%,0.00%,41,0,0.19%,0.00%,97.56%,0.00%,1,0,3.03%,0.00%,"￥2,580",￥0,1,0
B088D9W4WQ,B09QHX365G,"【Smart-Bear】W022 可愛い キッズ 子供 靴下 ソックス 豚 パンダ 動物柄 くるぶし ジュニア 通気 メッシュ くつした 男の子 女の子 ソックス 綿 5足セット (動物柄, M:13〜15cm(3-4歳))",8I-RTUV-OM87,1,0,0.01%,0.00%,1,0,0.00%,0.00%,100.00%,0.00%,1,0,100.00%,0.00%,"￥1,280",￥0,1,0
B09Y991CJG,B09Y99ZVKG,【Smart-KM】S018 ニーハイストッキング ガーターストッキング レディース 膝上 セクシー 女装 靴下 女性用 フリーサイズ ２点セット (ベージュ),H2-VZNF-D697,46,0,0.30%,0.00%,59,0,0.28%,0.00%,98.31%,0.00%,1,0,2.17%,0.00%,￥798,￥0,1,0
B0B9NY3BBZ,B0B9P3N38Z,【Smart-Bear】O022 Kindle Paperwhite(第10世代 2018年) ケース 超薄 軽量 保護カバー オートスリープ機能付き 耐久性 耐衝撃 落下防止 (深いブルー),EQ-WA5K-9R2V,32,0,0.21%,0.00%,41,0,0.19%,0.00%,92.68%,0.00%,1,0,3.13%,0.00%,￥999,￥0,1,0
B0B9P1DW8C,B0B9PKP3X6,【Smart-Bear】O024 Kindle(第10世代 2019年) ケース 超薄 軽量 保護カバー オートスリープ機能付き 耐久性 耐衝撃 落下防止 (グレー),HV-JIHG-96GB,8,0,0.05%,0.00%,8,0,0.04%,0.00%,100.00%,0.00%,1,0,12.50%,0.00%,￥999,￥0,1,0
B0BDVTYJ7S,B0BDVVLCVC,【Smart-Bear】【2点入り】E014 スマートフォン用 スマホリング 持ちやすい リングスタンド ホールドリング 落下防止 熊型 クマ型 2点セット (ブラック),R2-UDQP-WYP7,23,0,0.15%,0.00%,30,0,0.14%,0.00%,100.00%,0.00%,1,0,4.35%,0.00%,￥498,￥0,1,0
B0BDVTYJ7S,B0BDVWKJYM,【Smart-Bear】【2点入り】E014 スマートフォン用 スマホリング 持ちやすい リングスタンド ホールドリング 落下防止 熊型 クマ型 2点セット (ゴールド),HU-M96V-5BX9,29,0,0.19%,0.00%,40,0,0.19%,0.00%,100.00%,0.00%,1,0,3.45%,0.00%,￥498,￥0,1,0