"日付","出品者SKU","FNSKU","ASIN","商品名","コンディション","qty-charged-long-time-range-long-term-storage-fee","商品サイズ","通貨","long-time-range-long-term-storage-fee","qty-charged-short-time-range-long-term-storage-fee","short-time-range-long-term-storage-fee","volume-unit","国","enrolled-in-small-and-light"
"2022-09-14T15:00:00+00:00","64-4C5P-CH1K","X000Y4QVLJ","B098DWPJZR","【Smart-Bear】T004 レインコート レインウェア 雨具 キッズ 子供 レインコート 可愛い 超軽量 通学 (イエロー, XXL)","新品","1","8.0E-4","JPY","15.00","0","0.00","cubic_meters","JP","N"
"2022-09-14T15:00:00+00:00","MM-RGM0-JIRO","X000Y3QQJR","B09838WLPH","[Smart-Bear] T309 キッズ レインブーツ レインシューズ 子供用 長靴 男の子 女の子 雨靴 ゴム長靴 滑り止め 通園・通学・アウトドア遊び用 完全防水 雪遊び 滑りにくい 梅雨対策 プルハンドル付き (イエロー, measurement_17_point_0_centimeters)","新品","1","0.0042","JPY","75.00","0","0.00","cubic_meters","JP","N"
"2022-09-14T15:00:00+00:00","J5-L7JS-HX8H","X000XKQ46L","B093KC4M19","【Smart-Bear】W009 子供の靴下 キッズ 子供 くつした メッシュ 通気防臭 男女兼用 男の子 女の子 可愛い 5足セット (車, x_l)","新品","5","0.0019","JPY","166.00","0","0.00","cubic_meters","JP","N"
"2022-09-14T15:00:00+00:00","01-ESOX-AV8Q","X000XKMSON","B093JZ2JB9","【Smart-Bear】W002 子供の靴下 女の子 ソックス メッシュ素材 可愛い お姫様 学生用 通園通学 5足セット (A, s)","新品","3","8.0E-4","JPY","42.00","0","0.00","cubic_meters","JP","N"
"2022-09-14T15:00:00+00:00","JW-7LG8-28A1","X000XKMSOD","B093KN1JQR","【Smart-Bear】W002 子供の靴下 女の子 ソックス メッシュ素材 可愛い お姫様 学生用 通園通学 5足セット (A, m)","新品","4","8.0E-4","JPY","56.00","0","0.00","cubic_meters","JP","N"
"2022-09-14T15:00:00+00:00","4H-Z807-Q82E","X000XKLW9Z","B093K5D4MD","【Smart-Bear】W002 子供の靴下 女の子 ソックス メッシュ素材 可愛い お姫様 学生用 通園通学 5足セット (A, l)","新品","3","8.0E-4","JPY","42.00","0","0.00","cubic_meters","JP","N"
"2022-09-14T15:00:00+00:00","WD-OW75-PHRJ","X000UYL393","B08B1SB1DP","[Smart-Bear] T306 キッズ レインブーツ レインシューズ 子供用 長靴 男の子 女の子 雨靴 ゴム長靴 滑り止め 通園・通学・アウトドア遊び用 完全防水 雪遊び 滑りにくい 梅雨対策 プルハンドル付き (人魚柄, measurement_16_point_0_centimeters)","新品","2","7.0E-4","JPY","25.00","0","0.00","cubic_meters","JP","N"
"2022-09-14T15:00:00+00:00","E3-46MA-X1C7","X000UXZN3B","B089YFH2HZ","[Smart-Bear] T308 キッズ レインブーツ レインシューズ 子供用 長靴 男の子 女の子 雨靴 ゴム長靴 滑り止め 通園・通学・アウトドア遊び用 完全防水 雪遊び 滑りにくい 梅雨対策 (ブルー, measurement_17_point_0_centimeters)","新品","2","3.0E-4","JPY","10.00","0","0.00","cubic_meters","JP","N"
"2022-09-14T15:00:00+00:00","TU-NT1P-94U3","X000UXZMZ5","B089Y37ZLW","[Smart-Bear] T308 キッズ レインブーツ レインシューズ 子供用 長靴 男の子 女の子 雨靴 ゴム長靴 滑り止め 通園・通学・アウトドア遊び用 完全防水 雪遊び 滑りにくい 梅雨対策 (ブルー, measurement_18_point_5_centimeters)","新品","1","0.0023","JPY","41.00","0","0.00","cubic_meters","JP","N"
"2022-09-14T15:00:00+00:00","I6-UJFU-XBSO","X000UXZMY1","B089YBK6VH","[Smart-Bear] T308 キッズ レインブーツ レインシューズ 子供用 長靴 男の子 女の子 雨靴 ゴム長靴 滑り止め 通園・通学・アウトドア遊び用 完全防水 雪遊び 滑りにくい 梅雨対策 (グリーン, measurement_16_point_0_centimeters)","新品","1","0.0038","JPY","67.00","0","0.00","cubic_meters","JP","N"
"2022-09-14T15:00:00+00:00","MP-V48A-NX79","X000UXZDE5","B089XXZG2B","[Smart-Bear] T308 キッズ レインブーツ レインシューズ 子供用 長靴 男の子 女の子 雨靴 ゴム長靴 滑り止め 通園・通学・アウトドア遊び用 完全防水 雪遊び 滑りにくい 梅雨対策 (ブルー, measurement_15_point_0_centimeters)","新品","2","0.0029","JPY","103.00","0","0.00","cubic_meters","JP","N"
"2022-09-14T15:00:00+00:00","ZC-60UA-LMFU","X000UXXDKB","B089Y996WK","[Smart-Bear] T308 キッズ レインブーツ レインシューズ 子供用 長靴 男の子 女の子 雨靴 ゴム長靴 滑り止め 通園・通学・アウトドア遊び用 完全防水 雪遊び 滑りにくい 梅雨対策 (ブルー, measurement_16_point_0_centimeters)","新品","2","0.0038","JPY","133.00","0","0.00","cubic_meters","JP","N"
"2022-09-14T15:00:00+00:00","BD-BCHN-38VX","X000UXXDIX","B089Y4QLXH","[Smart-Bear] T308 キッズ レインブーツ レインシューズ 子供用 長靴 男の子 女の子 雨靴 ゴム長靴 滑り止め 通園・通学・アウトドア遊び用 完全防水 雪遊び 滑りにくい 梅雨対策 (ホワイト, measurement_15_point_0_centimeters)","新品","2","0.0029","JPY","104.00","0","0.00","cubic_meters","JP","N"
"2022-09-14T15:00:00+00:00","WU-IPMQ-5LQ3","X000UXXD65","B089Y6X7PH","[Smart-Bear] T308 キッズ レインブーツ レインシューズ 子供用 長靴 男の子 女の子 雨靴 ゴム長靴 滑り止め 通園・通学・アウトドア遊び用 完全防水 雪遊び 滑りにくい 梅雨対策 (ホワイト, measurement_16_point_0_centimeters)","新品","1","0.0038","JPY","67.00","0","0.00","cubic_meters","JP","N"
"2022-09-14T15:00:00+00:00","IJ-I7ZU-ZNHG","X000UXXD4H","B089Y2T8BZ","[Smart-Bear] T308 キッズ レインブーツ レインシューズ 子供用 長靴 男の子 女の子 雨靴 ゴム長靴 滑り止め 通園・通学・アウトドア遊び用 完全防水 雪遊び 滑りにくい 梅雨対策 (グリーン, measurement_15_point_0_centimeters)","新品","2","0.0029","JPY","103.00","0","0.00","cubic_meters","JP","N"
"2022-09-14T15:00:00+00:00","Z6-YMP1-EWGJ","X000UXVO57","B089WHDKSV","[Smart-Bear] T303 キッズ レインブーツ レインシューズ 子供用 長靴 男の子 女の子 雨靴 ゴム長靴 滑り止め 通園・通学・アウトドア遊び用 完全防水 雪遊び 滑りにくい 梅雨対策 (ピンク, measurement_16_point_0_centimeters)","新品","1","0.0021","JPY","38.00","0","0.00","cubic_meters","JP","N"
"2022-09-14T15:00:00+00:00","F6-17RZ-7XNS","X000UXVO4N","B089WG4GNW","[Smart-Bear] T303 キッズ レインブーツ レインシューズ 子供用 長靴 男の子 女の子 雨靴 ゴム長靴 滑り止め 通園・通学・アウトドア遊び用 完全防水 雪遊び 滑りにくい 梅雨対策 (ピンク, measurement_15_point_0_centimeters)","新品","1","0.0024","JPY","43.00","0","0.00","cubic_meters","JP","N"
"2022-09-14T15:00:00+00:00","3Z-60WN-SCCV","X000UNOU4J","B088D9XNFV","【Smart-Bear】W023 夏 ベビー 幼児用 キッズ 子供 靴下 男の子 女の子 かわいい スポーツ 無地 通気 5足セット (白色, S:11?13cm(1-2歳))","新品","4","7.0E-4","JPY","46.00","0","0.00","cubic_meters","JP","N"
"2022-09-14T15:00:00+00:00","OL-JWJ3-NTJ0","X000UNOU49","B088DBXRFV","【Smart-Bear】W023 夏 ベビー 幼児用 キッズ 子供 靴下 男の子 女の子 かわいい スポーツ 無地 通気 5足セット (白色, M:13?15cm(3-4歳))","新品","5","7.0E-4","JPY","58.00","0","0.00","cubic_meters","JP","N"
"2022-09-14T15:00:00+00:00","UC-BNLP-88EH","X000UNOU3P","B088DB1KY2","【Smart-Bear】W023 夏 ベビー 幼児用 キッズ 子供 靴下 男の子 女の子 かわいい スポーツ 無地 通気 5足セット (動物柄, XL:18?21cm(8-11歳))","新品","1","7.0E-4","JPY","12.00","0","0.00","cubic_meters","JP","N"
"2022-09-14T15:00:00+00:00","RJ-QO5B-DDJC","X000UNOU3F","B088DC1H3M","【Smart-Bear】W023 夏 ベビー 幼児用 キッズ 子供 靴下 男の子 女の子 かわいい スポーツ 無地 通気 5足セット (菊柄-男, XL:18?21cm(8-11歳))","新品","5","7.0E-4","JPY","58.00","0","0.00","cubic_meters","JP","N"
"2022-09-14T15:00:00+00:00","WV-DEOA-5NE7","X000UNOU2V","B088D9MCN7","【Smart-Bear】W023 夏 ベビー 幼児用 キッズ 子供 靴下 男の子 女の子 かわいい スポーツ 無地 通気 5足セット (菊柄-女, XL:18?21cm(8-11歳))","新品","5","7.0E-4","JPY","58.00","0","0.00","cubic_meters","JP","N"
"2022-09-14T15:00:00+00:00","PU-JOP6-FC5A","X000UNOU2L","B088D9QHN4","【Smart-Bear】W023 夏 ベビー 幼児用 キッズ 子供 靴下 男の子 女の子 かわいい スポーツ 無地 通気 5足セット (笑い顔, M:13?15cm(3-4歳))","新品","1","7.0E-4","JPY","12.00","0","0.00","cubic_meters","JP","N"
"2022-09-14T15:00:00+00:00","PM-8S2O-C57C","X000UNOU2B","B088D9MBWM","【Smart-Bear】W023 夏 ベビー 幼児用 キッズ 子供 靴下 男の子 女の子 かわいい スポーツ 無地 通気 5足セット (笑い顔, S:11?13cm(1-2歳))","新品","2","7.0E-4","JPY","23.00","0","0.00","cubic_meters","JP","N"
"2022-09-14T15:00:00+00:00","CR-BD6G-5J99","X000UNOR3D","B088DB7MFP","【Smart-Bear】W022 可愛い キッズ 子供 靴下 ソックス 豚 パンダ 動物柄 くるぶし ジュニア 通気 メッシュ くつした 男の子 女の子 ソックス 綿 5足セット (多彩色のアルファベット, XL:18?21cm(8-11歳))","新品","5","6.0E-4","JPY","56.00","0","0.00","cubic_meters","JP","N"
"2022-09-14T15:00:00+00:00","1R-KND6-P8AN","X000UNOR2T","B088D7Y6DL","【Smart-Bear】W022 可愛い キッズ 子供 靴下 ソックス 豚 パンダ 動物柄 くるぶし ジュニア 通気 メッシュ くつした 男の子 女の子 ソックス 綿 5足セット (多彩色のアルファベット, S:11?13cm(1-2歳))","新品","3","6.0E-4","JPY","33.00","0","0.00","cubic_meters","JP","N"
"2022-09-14T15:00:00+00:00","8X-KI9X-KUS0","X000UNO9CR","B088DC7C67","【Smart-Bear】W023 夏 ベビー 幼児用 キッズ 子供 靴下 男の子 女の子 かわいい スポーツ 無地 通気 5足セット (白色, XL:18?21cm(8-11歳))","新品","6","7.0E-4","JPY","69.00","0","0.00","cubic_meters","JP","N"
"2022-09-14T15:00:00+00:00","0M-3ELQ-5SV4","X000UNO9C7","B088DBY77F","【Smart-Bear】W023 夏 ベビー 幼児用 キッズ 子供 靴下 男の子 女の子 かわいい スポーツ 無地 通気 5足セット (菊柄-男, L:15?18cm(5-7歳))","新品","5","7.0E-4","JPY","58.00","0","0.00","cubic_meters","JP","N"
"2022-09-14T15:00:00+00:00","SV-6F4C-ZW42","X000UNO9BX","B088D9BHZQ","【Smart-Bear】W023 夏 ベビー 幼児用 キッズ 子供 靴下 男の子 女の子 かわいい スポーツ 無地 通気 5足セット (笑い顔, XL:18?21cm(8-11歳))","新品","1","7.0E-4","JPY","12.00","0","0.00","cubic_meters","JP","N"
"2022-09-14T15:00:00+00:00","VW-UYK8-9S5O","X000UNO9BN","B088D9QHN6","【Smart-Bear】W023 夏 ベビー 幼児用 キッズ 子供 靴下 男の子 女の子 かわいい スポーツ 無地 通気 5足セット (菊柄-女, S:11?13cm(1-2歳))","新品","4","7.0E-4","JPY","46.00","0","0.00","cubic_meters","JP","N"
"2022-09-14T15:00:00+00:00","O0-KL84-VM4X","X000UNO9BD","B088DBN1XC","【Smart-Bear】W023 夏 ベビー 幼児用 キッズ 子供 靴下 男の子 女の子 かわいい スポーツ 無地 通気 5足セット (純色-男, S:11?13cm(1-2歳))","新品","5","7.0E-4","JPY","58.00","0","0.00","cubic_meters","JP","N"
"2022-09-14T15:00:00+00:00","7L-FLPL-4Y5Y","X000UNO9AT","B088D9VVRN","【Smart-Bear】W023 夏 ベビー 幼児用 キッズ 子供 靴下 男の子 女の子 かわいい スポーツ 無地 通気 5足セット (菊柄-男, M:13?15cm(3-4歳))","新品","3","7.0E-4","JPY","35.00","0","0.00","cubic_meters","JP","N"
"2022-09-14T15:00:00+00:00","OV-SBKN-9JIK","X000UNO9AJ","B088DBDXMZ","【Smart-Bear】W023 夏 ベビー 幼児用 キッズ 子供 靴下 男の子 女の子 かわいい スポーツ 無地 通気 5足セット (純色-女, S:11?13cm(1-2歳))","新品","4","7.0E-4","JPY","46.00","0","0.00","cubic_meters","JP","N"
"2022-09-14T15:00:00+00:00","37-CWWU-73D3","X000UNO9A9","B088D9KG8Z","【Smart-Bear】W023 夏 ベビー 幼児用 キッズ 子供 靴下 男の子 女の子 かわいい スポーツ 無地 通気 5足セット (動物柄, S:11?13cm(1-2歳))","新品","2","7.0E-4","JPY","23.00","0","0.00","cubic_meters","JP","N"
"2022-09-14T15:00:00+00:00","CV-ME1O-7VA7","X000UNLXU3","B088D9V9JQ","【Smart-Bear】W023 夏 ベビー 幼児用 キッズ 子供 靴下 男の子 女の子 かわいい スポーツ 無地 通気 5足セット (菊柄-女, L:15?18cm(5-7歳))","新品","4","7.0E-4","JPY","46.00","0","0.00","cubic_meters","JP","N"
"2022-09-14T15:00:00+00:00","84-5DVO-ARVI","X000UNLXTT","B088D9KVNL","【Smart-Bear】W023 夏 ベビー 幼児用 キッズ 子供 靴下 男の子 女の子 かわいい スポーツ 無地 通気 5足セット (菊柄-男, S:11?13cm(1-2歳))","新品","4","7.0E-4","JPY","46.00","0","0.00","cubic_meters","JP","N"
"2022-09-14T15:00:00+00:00","NL-SBP4-N28Y","X000UNLXTJ","B088D9R3SN","【Smart-Bear】W023 夏 ベビー 幼児用 キッズ 子供 靴下 男の子 女の子 かわいい スポーツ 無地 通気 5足セット (純色-女, M:13?15cm(3-4歳))","新品","8","7.0E-4","JPY","93.00","0","0.00","cubic_meters","JP","N"
"2022-09-14T15:00:00+00:00","ZR-DBKV-52F5","X000UNLXT9","B088D9RP7W","【Smart-Bear】W023 夏 ベビー 幼児用 キッズ 子供 靴下 男の子 女の子 かわいい スポーツ 無地 通気 5足セット (白色, L:15?18cm(5-7歳))","新品","3","7.0E-4","JPY","35.00","0","0.00","cubic_meters","JP","N"
"2022-09-14T15:00:00+00:00","RE-XZHV-3VSX","X000UNLXSP","B088D9QLWQ","【Smart-Bear】W023 夏 ベビー 幼児用 キッズ 子供 靴下 男の子 女の子 かわいい スポーツ 無地 通気 5足セット (純色-女, XL:18?21cm(8-11歳))","新品","1","7.0E-4","JPY","12.00","0","0.00","cubic_meters","JP","N"
"2022-09-14T15:00:00+00:00","SE-YQ47-WTHF","X000UNLXSF","B088D9PNV5","【Smart-Bear】W023 夏 ベビー 幼児用 キッズ 子供 靴下 男の子 女の子 かわいい スポーツ 無地 通気 5足セット (純色-女, L:15?18cm(5-7歳))","新品","2","7.0E-4","JPY","23.00","0","0.00","cubic_meters","JP","N"
"2022-09-14T15:00:00+00:00","QW-57FQ-HJ97","X000UNLXS5","B088DCBV8Y","【Smart-Bear】W023 夏 ベビー 幼児用 キッズ 子供 靴下 男の子 女の子 かわいい スポーツ 無地 通気 5足セット (純色-男, M:13?15cm(3-4歳))","新品","3","7.0E-4","JPY","35.00","0","0.00","cubic_meters","JP","N"
"2022-09-14T15:00:00+00:00","U8-VYCR-TAH1","X000UNL4X9","B088D9NYBR","【Smart-Bear】W022 可愛い キッズ 子供 靴下 ソックス 豚 パンダ 動物柄 くるぶし ジュニア 通気 メッシュ くつした 男の子 女の子 ソックス 綿 5足セット (多彩色のアルファベット, M:13?15cm(3-4歳))","新品","4","6.0E-4","JPY","45.00","0","0.00","cubic_meters","JP","N"
"2022-09-14T15:00:00+00:00","CZ-Y1O5-T1HH","X000UNL4WP","B088D89BND","【Smart-Bear】W022 可愛い キッズ 子供 靴下 ソックス 豚 パンダ 動物柄 くるぶし ジュニア 通気 メッシュ くつした 男の子 女の子 ソックス 綿 5足セット (多彩色のアルファベット, L:15?18cm(5-7歳))","新品","2","6.0E-4","JPY","22.00","0","0.00","cubic_meters","JP","N"
"2022-09-14T15:00:00+00:00","2N-YXQP-8NK5","X000UMZTOP","B0888D9C3Y","【Smart-Bear】W001 子供の靴下 ソックス 綿 メッシュ素材 薄型 春夏適用 通学 男の子 女の子 キッズ 通園 通学 5足セット (S)","新品","8","6.0E-4","JPY","81.00","0","0.00","cubic_meters","JP","N"
"2022-09-14T15:00:00+00:00","5C-HWA3-8XAM","X000UKQOCX","B087TBDY65","【Smart-Bear】W024 子供靴下 ベビーソックス 滑り止め 柔らかい 快適 吸汗通気 男の子 女の子 かわいい動物柄 通気 5足セット (E, S:11?13cm(1-3歳))","新品","2","7.0E-4","JPY","24.00","0","0.00","cubic_meters","JP","N"
"2022-09-14T15:00:00+00:00","38-MPSA-WEAS","X000UKO8T9","B087T5M36D","【Smart-Bear】W024 子供靴下 ベビーソックス 滑り止め 柔らかい 快適 吸汗通気 男の子 女の子 かわいい動物柄 通気 5足セット (E, M:13?15cm(4-6歳))","新品","3","7.0E-4","JPY","35.00","0","0.00","cubic_meters","JP","N"
"2022-09-14T15:00:00+00:00","SX-U8BR-RS05","X000UKO7NV","B087THPMM3","【Smart-Bear】W024 子供靴下 ベビーソックス 滑り止め 柔らかい 快適 吸汗通気 男の子 女の子 かわいい動物柄 通気 5足セット (E, L:16?19cm(7-9歳))","新品","3","7.0E-4","JPY","36.00","0","0.00","cubic_meters","JP","N"
"2022-09-14T15:00:00+00:00","IC-5K6W-77K3","X000UKJECF","B087T2WK3T","【Smart-Bear】W024 子供靴下 ベビーソックス 滑り止め 柔らかい 快適 吸汗通気 男の子 女の子 かわいい動物柄 通気 5足セット (C, S:11?13cm(1-3歳))","新品","1","7.0E-4","JPY","12.00","0","0.00","cubic_meters","JP","N"
"2022-09-14T15:00:00+00:00","GN-G5T3-NA3I","X000UKJEBV","B087TJR3F7","【Smart-Bear】W024 子供靴下 ベビーソックス 滑り止め 柔らかい 快適 吸汗通気 男の子 女の子 かわいい動物柄 通気 5足セット (B, L:16?19cm(7-9歳))","新品","1","7.0E-4","JPY","12.00","0","0.00","cubic_meters","JP","N"
"2022-09-14T15:00:00+00:00","M0-MBM1-G70I","X000UKJBYL","B087TH19W5","【Smart-Bear】W024 子供靴下 ベビーソックス 滑り止め 柔らかい 快適 吸汗通気 男の子 女の子 かわいい動物柄 通気 5足セット (D, M:13?15cm(4-6歳))","新品","1","7.0E-4","JPY","12.00","0","0.00","cubic_meters","JP","N"
"2022-09-14T15:00:00+00:00","F6-272O-7I6N","X000UKJBY1","B087T3QWSB","【Smart-Bear】W024 子供靴下 ベビーソックス 滑り止め 柔らかい 快適 吸汗通気 男の子 女の子 かわいい動物柄 通気 5足セット (B, S:11?13cm(1-3歳))","新品","2","7.0E-4","JPY","24.00","0","0.00","cubic_meters","JP","N"
"2022-09-14T15:00:00+00:00","S0-A4RL-7QPA","X000UKJ93J","B087TD97FL","【Smart-Bear】W024 子供靴下 ベビーソックス 滑り止め 柔らかい 快適 吸汗通気 男の子 女の子 かわいい動物柄 通気 5足セット (D, L:16?19cm(7-9歳))","新品","2","7.0E-4","JPY","24.00","0","0.00","cubic_meters","JP","N"
"2022-09-14T15:00:00+00:00","J7-57G6-GT5G","X000UKJ939","B087T2J4XV","【Smart-Bear】W024 子供靴下 ベビーソックス 滑り止め 柔らかい 快適 吸汗通気 男の子 女の子 かわいい動物柄 通気 5足セット (A, S:11?13cm(1-3歳))","新品","2","7.0E-4","JPY","24.00","0","0.00","cubic_meters","JP","N"
"2022-09-14T15:00:00+00:00","GD-76AL-SJNQ","X000UKJ92Z","B087TFYLX5","【Smart-Bear】W024 子供靴下 ベビーソックス 滑り止め 柔らかい 快適 吸汗通気 男の子 女の子 かわいい動物柄 通気 5足セット (A, L:16?19cm(7-9歳))","新品","2","7.0E-4","JPY","24.00","0","0.00","cubic_meters","JP","N"
"2022-09-14T15:00:00+00:00","G3-SW24-6UI5","X000UKJ92P","B087T9HYDD","【Smart-Bear】W024 子供靴下 ベビーソックス 滑り止め 柔らかい 快適 吸汗通気 男の子 女の子 かわいい動物柄 通気 5足セット (D, S:11?13cm(1-3歳))","新品","4","7.0E-4","JPY","47.00","0","0.00","cubic_meters","JP","N"
"2022-09-14T15:00:00+00:00","L1-DYSL-GLZP","X000UKJ92F","B087TJKZPF","【Smart-Bear】W024 子供靴下 ベビーソックス 滑り止め 柔らかい 快適 吸汗通気 男の子 女の子 かわいい動物柄 通気 5足セット (C, M:13?15cm(4-6歳))","新品","2","7.0E-4","JPY","24.00","0","0.00","cubic_meters","JP","N"
"2022-09-14T15:00:00+00:00","Z2-RKNI-R052","X000SYHBKZ","B07ZDCZWF8","【Smart-Bear】P001 子供用長袖パジャマ 男の子と女の子の下着子供の秋服セット綿の下着子供用コットンセーターパジャマ 丈夫で快適 綿100％ルームウェア長袖パジャマ上下セットパジャマ 2点セット子供服 長袖 寝間着 上下セット (90cm, ピンク森)","新品","4","0.0017","JPY","124.00","0","0.00","cubic_meters","JP","N"
"2022-09-14T15:00:00+00:00","P0-UT25-UFX6","X000SYH9W5","B07ZDDDCCZ","【Smart-Bear】P002 キッズ服 Tシャツ ズボン 男の子 女の子 パジャマ 前開きキッズ 部屋着 寝間着ルームウェア ホームサービス ベビー 長袖 ボタン トップス ショートパンツ 上下セット服 子供 春 秋 冬 七五三 誕生日 新年 (100cm, グレー花柄)","新品","4","0.0017","JPY","124.00","0","0.00","cubic_meters","JP","N"
"2022-09-14T15:00:00+00:00","P2-GPKI-NCD6","X000SYH9VV","B07ZDDHD1Q","【Smart-Bear】P002 キッズ服 Tシャツ ズボン 男の子 女の子 パジャマ 前開きキッズ 部屋着 寝間着ルームウェア ホームサービス ベビー 長袖 ボタン トップス ショートパンツ 上下セット服 子供 春 秋 冬 七五三 誕生日 新年 (120cm, ピンク花柄)","新品","2","0.0019","JPY","68.00","0","0.00","cubic_meters","JP","N"
"2022-09-14T15:00:00+00:00","HW-3LSQ-LI50","X000SYH8KN","B07ZDCPB8Y","【Smart-Bear】P001 子供用長袖パジャマ 男の子と女の子の下着子供の秋服セット綿の下着子供用コットンセーターパジャマ 丈夫で快適 綿100％ルームウェア長袖パジャマ上下セットパジャマ 2点セット子供服 長袖 寝間着 上下セット (130cm, ピンク森)","新品","1","0.0017","JPY","31.00","0","0.00","cubic_meters","JP","N"
"2022-09-14T15:00:00+00:00","83-IIFW-0IH8","X000SYH8KD","B07ZD8D36Y","【Smart-Bear】P001 子供用長袖パジャマ 男の子と女の子の下着子供の秋服セット綿の下着子供用コットンセーターパジャマ 丈夫で快適 綿100％ルームウェア長袖パジャマ上下セットパジャマ 2点セット子供服 長袖 寝間着 上下セット (120cm, ブルー森)","新品","2","0.0016","JPY","58.00","0","0.00","cubic_meters","JP","N"
"2022-09-14T15:00:00+00:00","47-ETP2-PRDO","X000SYH8K3","B07ZDCY8YD","【Smart-Bear】P001 子供用長袖パジャマ 男の子と女の子の下着子供の秋服セット綿の下着子供用コットンセーターパジャマ 丈夫で快適 綿100％ルームウェア長袖パジャマ上下セットパジャマ 2点セット子供服 長袖 寝間着 上下セット (110cm, ピンク森)","新品","3","0.0017","JPY","93.00","0","0.00","cubic_meters","JP","N"
"2022-09-14T15:00:00+00:00","DQ-3THL-NTCB","X000SYH8JT","B07ZDFFCRN","【Smart-Bear】P001 子供用長袖パジャマ 男の子と女の子の下着子供の秋服セット綿の下着子供用コットンセーターパジャマ 丈夫で快適 綿100％ルームウェア長袖パジャマ上下セットパジャマ 2点セット子供服 長袖 寝間着 上下セット (100cm, ピンクペンギン)","新品","2","0.0017","JPY","62.00","0","0.00","cubic_meters","JP","N"
"2022-09-14T15:00:00+00:00","J9-94I6-9LXS","X000SYH6SH","B07ZDD5T4V","【Smart-Bear】P001 子供用長袖パジャマ 男の子と女の子の下着子供の秋服セット綿の下着子供用コットンセーターパジャマ 丈夫で快適 綿100％ルームウェア長袖パジャマ上下セットパジャマ 2点セット子供服 長袖 寝間着 上下セット (110cm, Best layers)","新品","5","0.0018","JPY","157.00","0","0.00","cubic_meters","JP","N"
"2022-09-14T15:00:00+00:00","M4-DHXK-KG7S","X000SYH6S7","B07ZDDHLKC","【Smart-Bear】P001 子供用長袖パジャマ 男の子と女の子の下着子供の秋服セット綿の下着子供用コットンセーターパジャマ 丈夫で快適 綿100％ルームウェア長袖パジャマ上下セットパジャマ 2点セット子供服 長袖 寝間着 上下セット (130cm, Best layers)","新品","4","0.0015","JPY","109.00","0","0.00","cubic_meters","JP","N"
"2022-09-14T15:00:00+00:00","UC-Q0G9-F94S","X000SYH6RX","B07ZDCMTSZ","【Smart-Bear】P001 子供用長袖パジャマ 男の子と女の子の下着子供の秋服セット綿の下着子供用コットンセーターパジャマ 丈夫で快適 綿100％ルームウェア長袖パジャマ上下セットパジャマ 2点セット子供服 長袖 寝間着 上下セット (120cm, ピンク森)","新品","4","0.0017","JPY","124.00","0","0.00","cubic_meters","JP","N"
"2022-09-14T15:00:00+00:00","LO-WGEK-KN8B","X000SYH6RN","B07ZDDPPQW","【Smart-Bear】P001 子供用長袖パジャマ 男の子と女の子の下着子供の秋服セット綿の下着子供用コットンセーターパジャマ 丈夫で快適 綿100％ルームウェア長袖パジャマ上下セットパジャマ 2点セット子供服 長袖 寝間着 上下セット (100cm, ブルー森)","新品","3","0.0017","JPY","93.00","0","0.00","cubic_meters","JP","N"
"2022-09-14T15:00:00+00:00","NX-F1QN-X0J4","X000SYGQ65","B07ZDD9RTM","【Smart-Bear】P001 子供用長袖パジャマ 男の子と女の子の下着子供の秋服セット綿の下着子供用コットンセーターパジャマ 丈夫で快適 綿100％ルームウェア長袖パジャマ上下セットパジャマ 2点セット子供服 長袖 寝間着 上下セット (110cm, ブルー森)","新品","3","0.0018","JPY","94.00","0","0.00","cubic_meters","JP","N"
"2022-09-14T15:00:00+00:00","56-GPZ1-N4VR","X000SYGQ5V","B07ZDDSYD7","【Smart-Bear】P001 子供用長袖パジャマ 男の子と女の子の下着子供の秋服セット綿の下着子供用コットンセーターパジャマ 丈夫で快適 綿100％ルームウェア長袖パジャマ上下セットパジャマ 2点セット子供服 長袖 寝間着 上下セット (100cm, Best layers)","新品","2","0.0016","JPY","59.00","0","0.00","cubic_meters","JP","N"
"2022-09-14T15:00:00+00:00","Z0-88HN-5GJI","X000SYGQ5L","B07ZDCX7QY","【Smart-Bear】P001 子供用長袖パジャマ 男の子と女の子の下着子供の秋服セット綿の下着子供用コットンセーターパジャマ 丈夫で快適 綿100％ルームウェア長袖パジャマ上下セットパジャマ 2点セット子供服 長袖 寝間着 上下セット (100cm, ピンク森)","新品","3","0.0017","JPY","93.00","0","0.00","cubic_meters","JP","N"
"2022-09-14T15:00:00+00:00","OT-1NRN-02AU","X000SYGQ5B","B07ZDD72KP","【Smart-Bear】P001 子供用長袖パジャマ 男の子と女の子の下着子供の秋服セット綿の下着子供用コットンセーターパジャマ 丈夫で快適 綿100％ルームウェア長袖パジャマ上下セットパジャマ 2点セット子供服 長袖 寝間着 上下セット (120cm, Best layers)","新品","4","0.0017","JPY","124.00","0","0.00","cubic_meters","JP","N"
"2022-09-14T15:00:00+00:00","YU-P2UP-W9LC","X000SYGL47","B07ZDFRRMS","【Smart-Bear】P002 キッズ服 Tシャツ ズボン 男の子 女の子 パジャマ 前開きキッズ 部屋着 寝間着ルームウェア ホームサービス ベビー 長袖 ボタン トップス ショートパンツ 上下セット服 子供 春 秋 冬 七五三 誕生日 新年 (90cm, グレー花柄)","新品","5","0.0019","JPY","168.00","0","0.00","cubic_meters","JP","N"
"2022-09-14T15:00:00+00:00","CT-AEZM-LEP3","X000SYGKA7","B07ZDDVQT1","【Smart-Bear】P001 子供用長袖パジャマ 男の子と女の子の下着子供の秋服セット綿の下着子供用コットンセーターパジャマ 丈夫で快適 綿100％ルームウェア長袖パジャマ上下セットパジャマ 2点セット子供服 長袖 寝間着 上下セット (90cm, ブルー森)","新品","3","0.0017","JPY","89.00","0","0.00","cubic_meters","JP","N"
"2022-09-14T15:00:00+00:00","74-6APK-MB74","X000SYG8FT","B07ZDDL4ZF","【Smart-Bear】P002 キッズ服 Tシャツ ズボン 男の子 女の子 パジャマ 前開きキッズ 部屋着 寝間着ルームウェア ホームサービス ベビー 長袖 ボタン トップス ショートパンツ 上下セット服 子供 春 秋 冬 七五三 誕生日 新年 (90cm, ピンク花柄)","新品","3","0.0017","JPY","93.00","0","0.00","cubic_meters","JP","N"
"2022-09-14T15:00:00+00:00","TJ-CNH6-19LX","X000SYG7KF","B07ZDDGYCG","【Smart-Bear】P001 子供用長袖パジャマ 男の子と女の子の下着子供の秋服セット綿の下着子供用コットンセーターパジャマ 丈夫で快適 綿100％ルームウェア長袖パジャマ上下セットパジャマ 2点セット子供服 長袖 寝間着 上下セット (120cm, ピンクペンギン)","新品","1","0.0017","JPY","30.00","0","0.00","cubic_meters","JP","N"
"2022-09-14T15:00:00+00:00","47-C4M2-5IGT","X000SYG7K5","B07ZDDV5G7","【Smart-Bear】P001 子供用長袖パジャマ 男の子と女の子の下着子供の秋服セット綿の下着子供用コットンセーターパジャマ 丈夫で快適 綿100％ルームウェア長袖パジャマ上下セットパジャマ 2点セット子供服 長袖 寝間着 上下セット (90cm, Best layers)","新品","4","0.0018","JPY","125.00","0","0.00","cubic_meters","JP","N"
"2022-09-14T15:00:00+00:00","3G-9UQB-UWC8","X000SYFST1","B07ZDCLLB7","【Smart-Bear】P002 キッズ服 Tシャツ ズボン 男の子 女の子 パジャマ 前開きキッズ 部屋着 寝間着ルームウェア ホームサービス ベビー 長袖 ボタン トップス ショートパンツ 上下セット服 子供 春 秋 冬 七五三 誕生日 新年 (100cm, ピンク花柄)","新品","3","0.0018","JPY","99.00","0","0.00","cubic_meters","JP","N"
"2022-09-14T15:00:00+00:00","6J-QKBU-6SG4","X000RVQ59R","B07SX88GB9","【Smart-Bear】W018 子供 ソックス 靴下 キッズ ガールズ お姫様 ベビー 柔らかい 春 夏 秋 通気 女の子 5足セット (イチゴ, l)","新品","2","5.0E-4","JPY","18.00","0","0.00","cubic_meters","JP","N"
"2022-09-14T15:00:00+00:00","X0-H4Z5-SJF8","X000RVPZ4D","B07SW2B54C","【Smart-Bear】W018 子供 ソックス 靴下 キッズ ガールズ お姫様 ベビー 柔らかい 春 夏 秋 通気 女の子 5足セット (クマ, s)","新品","3","6.0E-4","JPY","33.00","0","0.00","cubic_meters","JP","N"
"2022-09-14T15:00:00+00:00","7P-W5QU-9AH9","X000RUNXKR","B07STYQ8JN","【Smart-Bear】W018 子供 ソックス 靴下 キッズ ガールズ お姫様 ベビー 柔らかい 春 夏 秋 通気 女の子 5足セット (クマ, m)","新品","4","6.0E-4","JPY","44.00","0","0.00","cubic_meters","JP","N"
"2022-09-14T15:00:00+00:00","GR-TOHD-5ZNC","X000RUNPGJ","B07SX74HGW","【Smart-Bear】W018 子供 ソックス 靴下 キッズ ガールズ お姫様 ベビー 柔らかい 春 夏 秋 通気 女の子 5足セット (イチゴ, s)","新品","3","5.0E-4","JPY","27.00","0","0.00","cubic_meters","JP","N"
"2022-09-14T15:00:00+00:00","0L-8U5H-FML5","X000RU3MNZ","B07SSHRDYL","【Smart-Bear】T006 レインコート レインウェア 雨具 キッズ 子供 レインコート 可愛い 超軽量 通学 サメ (XXL, グレー)","新品","8","0.0021","JPY","297.00","0","0.00","cubic_meters","JP","N"
"2022-09-14T15:00:00+00:00","B5-LEZJ-XOXC","X000RU1IFJ","B07K5S245H","【Smart-KM】T005 レインコート レインウェア 雨具 キッズ 子供 レインコート 可愛い 超軽量 通学 (イエロー, XXL)","新品","2","0.0015","JPY","52.00","0","0.00","cubic_meters","JP","N"
"2022-09-14T15:00:00+00:00","OG-M4YQ-0HF3","X000RT7HBT","B07STK9L36","【Smart-Bear】T006 レインコート レインウェア 雨具 キッズ 子供 レインコート 可愛い 超軽量 通学 サメ (XXL, ピンク)","新品","8","0.0021","JPY","297.00","0","0.00","cubic_meters","JP","N"
"2022-09-14T15:00:00+00:00","GC-NI2J-APAG","X000RT7HBJ","B07STJT6TQ","【Smart-Bear】T006 レインコート レインウェア 雨具 キッズ 子供 レインコート 可愛い 超軽量 通学 サメ (XXL, ブルー)","新品","4","0.0021","JPY","148.00","0","0.00","cubic_meters","JP","N"
"2022-09-14T15:00:00+00:00","36-537G-65QK","X000RT5CCF","B07K5RJJTC","【Smart-KM】T005 レインコート レインウェア 雨具 キッズ 子供 レインコート 可愛い 超軽量 通学 (ピンク, XXL)","新品","5","0.0013","JPY","120.00","0","0.00","cubic_meters","JP","N"
"2022-09-14T15:00:00+00:00","94-5N7D-MKR8","X000RS9C9Z","B07K5SNL5L","【Smart-KM】T005 レインコート レインウェア 雨具 キッズ 子供 レインコート 可愛い 超軽量 通学 (ブルー, XXL)","新品","3","0.0016","JPY","87.00","0","0.00","cubic_meters","JP","N"
"2022-09-14T15:00:00+00:00","X8-MI20-UUAX","X000RS99C5","B07K5S3KNK","【Smart-KM】T005 レインコート レインウェア 雨具 キッズ 子供 レインコート 可愛い 超軽量 通学 (ブルー, M)","新品","4","0.0015","JPY","110.00","0","0.00","cubic_meters","JP","N"
"2022-09-14T15:00:00+00:00","NX-M2SX-8JR7","X000RS9583","B07K5SMQ74","【Smart-KM】T005 レインコート レインウェア 雨具 キッズ 子供 レインコート 可愛い 超軽量 通学 (ピンク, XL)","新品","2","0.0011","JPY","40.00","0","0.00","cubic_meters","JP","N"
"2022-09-14T15:00:00+00:00","S7-QK3R-7GMW","X000RS4A6Z","B07SPJCH1F","【Smart-Bear】W016 子供の靴下 キッズ 靴下 子供 カラフル くつした 女の子 男の子 ソックス 綿 5足セット (L)","新品","2","7.0E-4","JPY","24.00","0","0.00","cubic_meters","JP","N"
"2022-09-14T15:00:00+00:00","2A-4FUA-XKMU","X000RR8SF5","B07SPWL813","【Smart-Bear】W017 可愛い キッズ 子供 靴下 ソックス お姫様 通気6足 セット カラフル 女の子 薄め (S)","新品","4","6.0E-4","JPY","44.00","0","0.00","cubic_meters","JP","N"
"2022-09-14T15:00:00+00:00","NS-7N9U-DWR1","X000RQ89I7","B07SPV611N","【Smart-Bear】W017 可愛い キッズ 子供 靴下 ソックス お姫様 通気 6足 セット カラフル 女の子 薄め (M)","新品","2","6.0E-4","JPY","22.00","0","0.00","cubic_meters","JP","N"
"2022-09-14T15:00:00+00:00","5T-VATW-H4Y5","X000RONVT1","B07SPX94WQ","【Smart-Bear】W016 子供の靴下 キッズ 靴下 子供 カラフル くつした 女の子 男の子 ソックス 綿 5足セット (S)","新品","4","7.0E-4","JPY","48.00","0","0.00","cubic_meters","JP","N"
"2022-09-14T15:00:00+00:00","6G-28VM-5OPH","X000RMKBWX","B07RQGYK5R","【Smart-Bear】W007 子供の靴下 ソックス 夏 メッシュ素材 可愛い お姫様 学生用 通園 通学 男女兼用 吸湿 通気 5足セット (S, 男)","新品","2","7.0E-4","JPY","24.00","0","0.00","cubic_meters","JP","N"
"2022-09-14T15:00:00+00:00","HF-W0WE-2S93","X000RMFWYP","B07RP68X1C","【Smart-Bear】T009 レインコート レインウェア 雨具 キッズ 子供 レインコート 可愛い 超軽量 通学 フクロウ 小さな恐竜 (S)","新品","1","0.0011","JPY","20.00","0","0.00","cubic_meters","JP","N"
"2022-09-14T15:00:00+00:00","YK-QIKK-R32H","X000RMFKFB","B077V65KJV","【Smart-KM】T002 韓国enbihouseレインコート レインウェア 雨具 キッズ 子供 レインコート 可愛い 超軽量 通学 (ウマ, L)","新品","2","0.001","JPY","36.00","0","0.00","cubic_meters","JP","N"
"2022-09-14T15:00:00+00:00","T2-P821-U7AD","X000RMFKF1","B077V3BSHD","【Smart-KM】T002 韓国enbihouseレインコート レインウェア 雨具 キッズ 子供 レインコート 可愛い 超軽量 通学 (ヒョウ, L)","新品","2","0.001","JPY","36.00","0","0.00","cubic_meters","JP","N"
"2022-09-14T15:00:00+00:00","V6-3DBB-5J62","X000RMF9J3","B07RN3QRFD","【Smart-bear】T008 レインコート レインウェア 雨具 キッズ 子供 レインコート 可愛い 超軽量 通学 フクロウ 梅花 熊 パイナップル (S, グレー)","新品","8","0.0017","JPY","245.00","0","0.00","cubic_meters","JP","N"
"2022-09-14T15:00:00+00:00","6W-YIXA-ZQ6P","X000RLFY5X","B07RTLQZM8","【Smart-Bear】W009 子供の靴下 キッズ 子供 くつした メッシュ 通気防臭 男女兼用 男の子 女の子 可愛い 5足セット (車, s)","新品","3","0.0019","JPY","100.00","0","0.00","cubic_meters","JP","N"
"2022-09-14T15:00:00+00:00","SE-OQ4V-FPIJ","X000RLFWXR","B07RRJ6MV5","【Smart-Bear】W009 子供の靴下 キッズ 子供 くつした メッシュ 通気防臭 男女兼用 男の子 女の子 可愛い 5足セット (カバ, s)","新品","3","5.0E-4","JPY","28.00","0","0.00","cubic_meters","JP","N"
"2022-09-14T15:00:00+00:00","TW-JZWW-KQAK","X000RLC8J3","B07RP5CMMY","【Smart-Bear】T009 レインコート レインウェア 雨具 キッズ 子供 レインコート 可愛い 超軽量 通学 フクロウ 小さな恐竜 (L)","新品","1","0.0011","JPY","20.00","0","0.00","cubic_meters","JP","N"
"2022-09-14T15:00:00+00:00","22-9KDS-HIZ1","X000RLC7VR","B07RQ4M7ZG","【Smart-Bear】T009 レインコート レインウェア 雨具 キッズ 子供 レインコート 可愛い 超軽量 通学 フクロウ 小さな恐竜 (XL)","新品","7","0.0011","JPY","137.00","0","0.00","cubic_meters","JP","N"
"2022-09-14T15:00:00+00:00","J6-656F-SFOE","X000RKIE1F","B07RN4V5RG","【Smart-Bear】T010 レインコート レインウェア 雨具 キッズ 子供 レインコート 可愛い 超軽量 通学 フクロウ 雪の女王 Frozen (ブルー, S)","新品","3","0.0017","JPY","90.00","0","0.00","cubic_meters","JP","N"
"2022-09-14T15:00:00+00:00","NW-P04L-6P5F","X000RKI2IZ","B077V1SGCV","【Smart-KM】T002 韓国enbihouseレインコート レインウェア 雨具 キッズ 子供 レインコート 可愛い 超軽量 通学 (ヒョウ, S)","新品","5","8.0E-4","JPY","70.00","0","0.00","cubic_meters","JP","N"
"2022-09-14T15:00:00+00:00","QO-FHC9-QIWP","X000RKI2IP","B077V3QCKG","【Smart-KM】T002 韓国enbihouseレインコート レインウェア 雨具 キッズ 子供 レインコート 可愛い 超軽量 通学 (ペンギン, M)","新品","2","0.001","JPY","37.00","0","0.00","cubic_meters","JP","N"
"2022-09-14T15:00:00+00:00","87-E8P9-I7SP","X000RKI2IF","B077TVGDCQ","【Smart-KM】T002 韓国enbihouseレインコート レインウェア 雨具 キッズ 子供 レインコート 可愛い 超軽量 通学 (トリ, L)","新品","3","0.001","JPY","54.00","0","0.00","cubic_meters","JP","N"
"2022-09-14T15:00:00+00:00","9F-8GXS-MQIG","X000RKI2I5","B077V5TP9Z","【Smart-KM】T002 韓国enbihouseレインコート レインウェア 雨具 キッズ 子供 レインコート 可愛い 超軽量 通学 (ウマ, S)","新品","5","0.001","JPY","91.00","0","0.00","cubic_meters","JP","N"
"2022-09-14T15:00:00+00:00","5K-BESC-9BL4","X000RKHUW9","B077TVGFSG","【Smart-KM】T002 韓国enbihouseレインコート レインウェア 雨具 キッズ 子供 レインコート 可愛い 超軽量 通学 (トリ, S)","新品","3","8.0E-4","JPY","42.00","0","0.00","cubic_meters","JP","N"
"2022-09-14T15:00:00+00:00","9W-X2Z4-B0TS","X000RKHUVZ","B077V2FCXS","【Smart-KM】T002 韓国enbihouseレインコート レインウェア 雨具 キッズ 子供 レインコート 可愛い 超軽量 通学 (トリ, XL)","新品","3","0.001","JPY","54.00","0","0.00","cubic_meters","JP","N"
"2022-09-14T15:00:00+00:00","UM-5DK5-4OOK","X000RKHUE7","B077V2RBZC","【Smart-KM】T002 韓国enbihouseレインコート レインウェア 雨具 キッズ 子供 レインコート 可愛い 超軽量 通学 (ヒョウ, M)","新品","2","0.001","JPY","36.00","0","0.00","cubic_meters","JP","N"
"2022-09-14T15:00:00+00:00","3I-5YMQ-78CH","X000RKHUDX","B077V547KW","【Smart-KM】T002 韓国enbihouseレインコート レインウェア 雨具 キッズ 子供 レインコート 可愛い 超軽量 通学 (ウマ, XL)","新品","1","0.001","JPY","18.00","0","0.00","cubic_meters","JP","N"
"2022-09-14T15:00:00+00:00","R2-8QYY-5OY0","X000RKHTL1","B07RQ5V9L2","【Smart-Bear】T008 レインコート レインウェア 雨具 キッズ 子供 レインコート 可愛い 超軽量 通学 フクロウ 梅花 熊 パイナップル (M, ブルー)","新品","3","0.0018","JPY","98.00","0","0.00","cubic_meters","JP","N"
"2022-09-14T15:00:00+00:00","MD-TJTP-5QQW","X000RKHTKH","B07RN4L7SQ","【Smart-Bear】T008 レインコート レインウェア 雨具 キッズ 子供 レインコート 可愛い 超軽量 通学 フクロウ 梅花 熊 パイナップル (S, ブルー)","新品","3","0.0015","JPY","81.00","0","0.00","cubic_meters","JP","N"
"2022-09-14T15:00:00+00:00","O4-KJHQ-JLGU","X000RKHSSP","B07RS97TQ3","【Smart-bear】T006 レインコート レインウェア 雨具 キッズ 子供 レインコート 可愛い 超軽量 通学 サメ (L, ピンク)","新品","6","0.0021","JPY","223.00","0","0.00","cubic_meters","JP","N"
"2022-09-14T15:00:00+00:00","8U-Q7NJ-DRW2","X000RJOS7P","B07RSN6319","【Smart-Bear】W007 子供の靴下 ソックス 夏 メッシュ素材 可愛い お姫様 学生用 通園 通学 男女兼用 吸湿 通気 5足セット (M, 男)","新品","1","0.001","JPY","18.00","0","0.00","cubic_meters","JP","N"
"2022-09-14T15:00:00+00:00","8C-6LFJ-DUQM","X000RJORML","B07RTT7GB1","【Smart-Bear】W007 子供の靴下 ソックス 夏 メッシュ素材 可愛い お姫様 学生用 通園 通学 男女兼用 吸湿 通気 5足セット (S, 女)","新品","4","0.0011","JPY","77.00","0","0.00","cubic_meters","JP","N"
"2022-09-14T15:00:00+00:00","LW-7QAC-4VPC","X000RJN6G9","B07RNDMKL4","【Smart-Bear】W002 子供の靴下 女の子 ソックス メッシュ素材 可愛い お姫様 学生用 通園通学 5足セット (B, s)","新品","6","8.0E-4","JPY","84.00","0","0.00","cubic_meters","JP","N"
"2022-09-14T15:00:00+00:00","SC-L11G-UAEX","X000RJJU05","B07RQ4X4HH","【Smart-bear】T008 レインコート レインウェア 雨具 キッズ 子供 レインコート 可愛い 超軽量 通学 フクロウ 梅花 熊 パイナップル (XXXL, ブルー)","新品","1","0.0016","JPY","29.00","0","0.00","cubic_meters","JP","N"
"2022-09-14T15:00:00+00:00","1A-NZX0-PYW2","X000RJJQ4Z","B07RP5SL37","【Smart-bear】T006 レインコート レインウェア 雨具 キッズ 子供 レインコート 可愛い 超軽量 通学 サメ (M, ピンク)","新品","7","0.0021","JPY","260.00","0","0.00","cubic_meters","JP","N"
"2022-09-14T15:00:00+00:00","TL-QZQI-IY15","X000RJJQ4P","B07RN54HFC","【Smart-bear】T006 レインコート レインウェア 雨具 キッズ 子供 レインコート 可愛い 超軽量 通学 サメ (S, ピンク)","新品","10","0.0021","JPY","373.00","0","0.00","cubic_meters","JP","N"
"2022-09-14T15:00:00+00:00","CO-9IM4-T6OQ","X000RJJNNJ","B07RP531NV","【Smart-bear】T006 レインコート レインウェア 雨具 キッズ 子供 レインコート 可愛い 超軽量 通学 サメ (XL, グレー)","新品","4","0.0011","JPY","77.00","0","0.00","cubic_meters","JP","N"
"2022-09-14T15:00:00+00:00","H2-E3RM-NID1","X000RJJNMZ","B07RQ5N9DN","【Smart-bear】T006 レインコート レインウェア 雨具 キッズ 子供 レインコート 可愛い 超軽量 通学 サメ (XL, ピンク)","新品","8","0.0021","JPY","297.00","0","0.00","cubic_meters","JP","N"
"2022-09-14T15:00:00+00:00","92-Y7D9-GO9Q","X000RJ6VAR","B07RTK9R3K","【Smart-Bear】W010 子供の靴下 キッズ 子供 くつした メッシュ 通気防臭 男女兼用 男の子 女の子 可愛い 5足セット (S)","新品","2","5.0E-4","JPY","19.00","0","0.00","cubic_meters","JP","N"
"2022-09-14T15:00:00+00:00","KG-RIPQ-GZ7M","X000RJ6TMR","B07RTNMVT2","【Smart-Bear】W006 子供の靴下 ベビー 幼児用 キッズ 子供 靴下 笑顔 ジュニア キッズ クルー丈 カラフル 女の子 男の子 スポーツ 5足セット (S)","新品","1","8.0E-4","JPY","15.00","0","0.00","cubic_meters","JP","N"
"2022-09-14T15:00:00+00:00","8Y-2G1L-L551","X000RJ6QE3","B07RQDTBS5","【Smart-Bear】W002 子供の靴下 女の子 ソックス メッシュ素材 可愛い お姫様 学生用 通園通学 5足セット (B, m)","新品","5","8.0E-4","JPY","70.00","0","0.00","cubic_meters","JP","N"
"2022-09-14T15:00:00+00:00","F2-12TH-TN4S","X000RJ3N3Z","B07RQ5RH2Y","【Smart-bear】T008 レインコート レインウェア 雨具 キッズ 子供 レインコート 可愛い 超軽量 通学 フクロウ 梅花 熊 パイナップル (XL, グリーン)","新品","1","0.0017","JPY","31.00","0","0.00","cubic_meters","JP","N"
"2022-09-14T15:00:00+00:00","F0-6RN8-7FE6","X000RJ3N3F","B07RS9GFCN","【Smart-bear】T008 レインコート レインウェア 雨具 キッズ 子供 レインコート 可愛い 超軽量 通学 フクロウ 梅花 熊 パイナップル (XL, ブルー)","新品","1","0.0017","JPY","31.00","0","0.00","cubic_meters","JP","N"
"2022-09-14T15:00:00+00:00","GX-E4TE-0RFF","X000RJ3M13","B07RQ4D55K","【Smart-Bear】T008 レインコート レインウェア 雨具 キッズ 子供 レインコート 可愛い 超軽量 通学 フクロウ 梅花 熊 パイナップル (XL, グレー)","新品","1","0.0017","JPY","31.00","0","0.00","cubic_meters","JP","N"
"2022-09-14T15:00:00+00:00","I1-DFGF-BWEG","X000RJ3M0T","B07RVJTTB5","【Smart-Bear】T008 レインコート レインウェア 雨具 キッズ 子供 レインコート 可愛い 超軽量 通学 フクロウ 梅花 熊 パイナップル (XXXL, グレー)","新品","2","0.0013","JPY","44.00","0","0.00","cubic_meters","JP","N"
"2022-09-14T15:00:00+00:00","ST-QL51-1O4P","X000RJ3GXR","B077V15CP2","【Smart-KM】T002 韓国enbihouseレインコート レインウェア 雨具 キッズ 子供 レインコート 可愛い 超軽量 通学 (ヒョウ, XL)","新品","2","0.001","JPY","36.00","0","0.00","cubic_meters","JP","N"
"2022-09-14T15:00:00+00:00","VI-FGWQ-U4JQ","X000RJ3GXH","B077TZ5B3P","【Smart-KM】T002 韓国enbihouseレインコート レインウェア 雨具 キッズ 子供 レインコート 可愛い 超軽量 通学 (トリ, M)","新品","2","0.001","JPY","36.00","0","0.00","cubic_meters","JP","N"
"2022-09-14T15:00:00+00:00","SK-DONL-JYYY","X000RJ3GX7","B077V1SGXY","【Smart-KM】T002 韓国enbihouseレインコート レインウェア 雨具 キッズ 子供 レインコート 可愛い 超軽量 通学 (ペンギン, L)","新品","1","0.001","JPY","18.00","0","0.00","cubic_meters","JP","N"
"2022-09-14T15:00:00+00:00","S9-WMSI-0XRG","X000RJ3G4L","B077V31B1F","【Smart-KM】T002 韓国enbihouseレインコート レインウェア 雨具 キッズ 子供 レインコート 可愛い 超軽量 通学 (ヒョウ, XXL)","新品","3","0.001","JPY","54.00","0","0.00","cubic_meters","JP","N"
"2022-09-14T15:00:00+00:00","PX-210E-61XS","X000RJ3G4B","B077TZ9FRY","【Smart-KM】T002 韓国enbihouseレインコート レインウェア 雨具 キッズ 子供 レインコート 可愛い 超軽量 通学 (ウマ, XXL)","新品","3","0.001","JPY","54.00","0","0.00","cubic_meters","JP","N"
"2022-09-14T15:00:00+00:00","AE-2JRE-R33N","X000RI8KRF","B077TVGM9Y","【Smart-KM】T002 韓国enbihouseレインコート レインウェア 雨具 キッズ 子供 レインコート 可愛い 超軽量 通学 (ウマ, M)","新品","1","0.001","JPY","18.00","0","0.00","cubic_meters","JP","N"
"2022-09-14T15:00:00+00:00","7W-0F9Q-FPBV","X000RI8KR5","B077TVGNYX","【Smart-KM】T002 韓国enbihouseレインコート レインウェア 雨具 キッズ 子供 レインコート 可愛い 超軽量 通学 (トリ, XXL)","新品","3","0.001","JPY","54.00","0","0.00","cubic_meters","JP","N"
"2022-09-14T15:00:00+00:00","OZ-CR1T-VCNN","X000RI8KQV","B077V4KGYG","【Smart-KM】T002 韓国enbihouseレインコート レインウェア 雨具 キッズ 子供 レインコート 可愛い 超軽量 通学 (ペンギン, S)","新品","1","0.001","JPY","18.00","0","0.00","cubic_meters","JP","N"
"2022-09-14T15:00:00+00:00","X5-LK6D-Y7G3","X000RI8J0D","B07RSBWQL8","【Smart-bear】T006 レインコート レインウェア 雨具 キッズ 子供 レインコート 可愛い 超軽量 通学 サメ (S, グレー)","新品","5","0.0021","JPY","186.00","0","0.00","cubic_meters","JP","N"
"2022-09-14T15:00:00+00:00","7S-9Z7A-9N5X","X000RI7UBR","B077TZ3C52","【Smart-KM】T001 韓国enbihouseレインコート レインウェア 雨具 キッズ 子供 レインコート 可愛い 超軽量 通学 (ブルー, XXL)","新品","1","0.0012","JPY","21.00","0","0.00","cubic_meters","JP","N"
"2022-09-14T15:00:00+00:00","OO-N5NC-53SV","X000RI7PDF","B077TYSS5Q","【Smart-KM】T001 韓国enbihouseレインコート レインウェア 雨具 キッズ 子供 レインコート 可愛い 超軽量 通学 (イエロー, L)","新品","2","0.0012","JPY","42.00","0","0.00","cubic_meters","JP","N"
